Fecha,MemoriaUsadaJVM(bytes)
2020-08-02 23:39:06,132114024
2020-08-02 23:39:16,158172264
2020-08-02 23:39:26,159529912
2020-08-02 23:39:36,160888616
2020-08-02 23:39:46,83339648
2020-08-02 23:39:56,85155928
2020-08-02 23:40:06,86699768
2020-08-02 23:40:16,101360264
2020-08-02 23:40:26,104545560
2020-08-02 23:40:36,105913128
2020-08-02 23:40:46,112806800
2020-08-02 23:40:56,114742408
2020-08-02 23:41:06,116175008
2020-08-02 23:41:16,127772608
2020-08-02 23:41:26,130715280
2020-08-02 23:41:36,132077376
2020-08-02 23:41:46,142206208
2020-08-02 23:41:56,151721552
2020-08-02 23:42:06,153075536
2020-08-02 23:42:16,158496008
2020-08-02 23:42:26,177755240
2020-08-02 23:42:36,179109120
2020-08-02 23:42:46,191081960
2020-08-02 23:42:56,71773176
2020-08-02 23:43:06,77466944
2020-08-02 23:43:16,88059288
2020-08-02 23:43:26,91490800
2020-08-02 23:43:36,92876648
2020-08-02 23:43:46,103431064
2020-08-02 23:43:56,112992720
2020-08-02 23:44:06,114340352
2020-08-02 23:44:16,126289696
2020-08-02 23:44:26,138909600
2020-08-02 23:44:36,140257560
2020-08-02 23:44:46,148042072
2020-08-02 23:44:56,167658296
2020-08-02 23:45:06,169030648
2020-08-02 23:45:17,179211344
2020-08-02 23:45:27,183352952
2020-08-02 23:45:37,62249608
2020-08-02 23:45:47,78123384
2020-08-02 23:45:57,83500688
2020-08-02 23:46:07,84930024
2020-08-02 23:46:17,97760592
2020-08-02 23:46:27,108434968
2020-08-02 23:46:37,109795496
2020-08-02 23:46:47,117182416
2020-08-02 23:46:57,130936584
2020-08-02 23:47:07,132272544
2020-08-02 23:47:17,143698656
2020-08-02 23:47:27,160655080
2020-08-02 23:47:37,162031808
2020-08-02 23:47:47,173592728
2020-08-02 23:47:57,65730512
2020-08-02 23:48:07,67258544
2020-08-02 23:48:17,78226928
2020-08-02 23:48:27,104880920
2020-08-02 23:48:37,107544288
2020-08-02 23:48:47,120395336
2020-08-02 23:48:57,123452672
2020-08-02 23:49:07,124714112
2020-08-02 23:49:17,133694624
2020-08-02 23:49:27,158813968
2020-08-02 23:49:37,160590288
2020-08-02 23:49:47,173658672
2020-08-02 23:49:57,61371664
2020-08-02 23:50:07,62839600
2020-08-02 23:50:17,74523976
2020-08-02 23:50:27,96149704
2020-08-02 23:50:37,97522952
2020-08-02 23:50:47,109036072
2020-08-02 23:50:57,123482248
2020-08-02 23:51:07,124866072
2020-08-02 23:51:17,136157656
2020-08-02 23:51:27,153427616
2020-08-02 23:51:37,154805752
2020-08-02 23:51:47,167485192
2020-08-02 23:51:57,178322600
2020-08-02 23:52:07,179659880
2020-08-02 23:52:17,69385304
2020-08-02 23:52:27,82458728
2020-08-02 23:52:37,83734600
2020-08-02 23:52:47,93024664
2020-08-02 23:52:57,101354296
2020-08-02 23:53:07,102809296
2020-08-02 23:53:17,117528616
2020-08-02 23:53:27,142756672
2020-08-02 23:53:37,144755784
2020-08-02 23:53:47,155941296
2020-08-02 23:53:57,65752848
2020-08-02 23:54:07,67404136
2020-08-02 23:54:17,79854768
2020-08-02 23:54:27,102967760
2020-08-02 23:54:37,104487752
2020-08-02 23:54:47,113806208
2020-08-02 23:54:57,137240336
2020-08-02 23:55:07,138765440
2020-08-02 23:55:17,147691696
2020-08-02 23:55:27,156852240
2020-08-02 23:55:37,158127088
2020-08-02 23:55:47,170439240
2020-08-02 23:55:57,77839632
2020-08-02 23:56:07,81231280
2020-08-02 23:56:18,94832552
2020-08-02 23:56:28,113928296
2020-08-02 23:56:38,115510176
2020-08-02 23:56:48,129112800
2020-08-02 23:56:58,160017224
2020-08-02 23:57:08,163616808
2020-08-02 23:57:18,73563496
2020-08-02 23:57:28,84308376
2020-08-02 23:57:38,85746216
2020-08-02 23:57:48,95235952
2020-08-02 23:57:58,106512088
2020-08-02 23:58:08,107966552
2020-08-02 23:58:18,122287264
2020-08-02 23:58:28,139901152
2020-08-02 23:58:38,141344312
2020-08-02 23:58:48,152639936
2020-08-02 23:58:58,70296880
2020-08-02 23:59:08,79924704
2020-08-02 23:59:18,84765464
2020-08-02 23:59:28,104288552
2020-08-02 23:59:38,105640952
2020-08-02 23:59:48,121824824
2020-08-02 23:59:58,152061792
2020-08-03 00:00:08,153421696
2020-08-03 00:00:18,63648136
2020-08-03 00:00:28,91111800
2020-08-03 00:00:38,96364320
2020-08-03 00:00:48,102498952
2020-08-03 00:00:58,132600192
2020-08-03 00:01:08,133975320
2020-08-03 00:01:18,149723296
2020-08-03 00:01:28,71901480
2020-08-03 00:01:38,73237200
2020-08-03 00:01:48,89601920
2020-08-03 00:01:58,110867224
2020-08-03 00:02:08,112208744
2020-08-03 00:02:18,124497544
2020-08-03 00:02:28,143777064
2020-08-03 00:02:38,145201304
2020-08-03 00:02:48,64553168
2020-08-03 00:02:58,94222608
2020-08-03 00:03:08,98469960
2020-08-03 00:03:18,113014296
2020-08-03 00:03:28,118675200
2020-08-03 00:03:38,120050696
2020-08-03 00:03:48,132887576
2020-08-03 00:03:58,140318728
2020-08-03 00:04:08,141678208
2020-08-03 00:04:18,65476104
2020-08-03 00:04:28,89140600
2020-08-03 00:04:38,90511016
2020-08-03 00:04:48,104846720
2020-08-03 00:04:58,125794736
2020-08-03 00:05:08,127087688
2020-08-03 00:05:18,144508736
2020-08-03 00:05:28,82128432
2020-08-03 00:05:38,88567040
2020-08-03 00:05:48,104261768
2020-08-03 00:05:58,115499440
2020-08-03 00:06:08,116960480
2020-08-03 00:06:18,131258048
2020-08-03 00:06:28,139407336
2020-08-03 00:06:38,140737384
2020-08-03 00:06:48,71370640
2020-08-03 00:06:58,101035984
2020-08-03 00:07:08,104566904
2020-08-03 00:07:19,120120616
2020-08-03 00:07:29,68443584
2020-08-03 00:07:39,69797864
2020-08-03 00:07:49,78553712
2020-08-03 00:07:59,91512120
2020-08-03 00:08:09,92866744
2020-08-03 00:08:19,107726744
2020-08-03 00:08:29,137305928
2020-08-03 00:08:39,64830536
2020-08-03 00:08:49,84507552
2020-08-03 00:08:59,115008968
2020-08-03 00:09:09,116336384
2020-08-03 00:09:19,135343608
2020-08-03 00:09:29,93776496
2020-08-03 00:09:39,95467416
2020-08-03 00:09:49,107627184
2020-08-03 00:09:59,113978136
2020-08-03 00:10:09,115360144
2020-08-03 00:10:19,135440912
2020-08-03 00:10:29,91203320
2020-08-03 00:10:39,96797888
2020-08-03 00:10:49,117543152
2020-08-03 00:10:59,68409080
2020-08-03 00:11:09,69756792
2020-08-03 00:11:19,87338416
2020-08-03 00:11:29,98021216
2020-08-03 00:11:39,99355016
2020-08-03 00:11:49,115863840
2020-08-03 00:11:59,62291176
2020-08-03 00:12:09,63636608
2020-08-03 00:12:19,78232296
2020-08-03 00:12:29,85938168
2020-08-03 00:12:39,87394288
2020-08-03 00:12:49,107275496
2020-08-03 00:12:59,70323344
2020-08-03 00:13:09,72438400
2020-08-03 00:13:19,80769664
2020-08-03 00:13:29,105638496
2020-08-03 00:13:39,106935752
2020-08-03 00:13:49,123392352
2020-08-03 00:13:59,80032288
2020-08-03 00:14:09,81674136
2020-08-03 00:14:19,102502248
2020-08-03 00:14:29,115923720
2020-08-03 00:14:39,117298768
2020-08-03 00:14:49,71476576
2020-08-03 00:14:59,88542912
2020-08-03 00:15:09,89947344
2020-08-03 00:15:19,103671280
2020-08-03 00:15:29,76178784
2020-08-03 00:15:39,80701432
2020-08-03 00:15:49,102385184
2020-08-03 00:15:59,109212752
2020-08-03 00:16:09,110596448
2020-08-03 00:16:19,121440232
2020-08-03 00:16:29,122819736
2020-08-03 00:16:39,61151392
2020-08-03 00:16:49,77081640
2020-08-03 00:16:59,80822344
2020-08-03 00:17:09,82122472
2020-08-03 00:17:19,96359376
2020-08-03 00:17:29,100256816
2020-08-03 00:17:39,101688696
2020-08-03 00:17:49,119040992
2020-08-03 00:17:59,62356440
2020-08-03 00:18:10,63658360
2020-08-03 00:18:20,86525616
2020-08-03 00:18:30,92475456
2020-08-03 00:18:40,93913440
2020-08-03 00:18:50,105403112
2020-08-03 00:19:00,111730520
2020-08-03 00:19:10,113023032
2020-08-03 00:19:20,119554384
2020-08-03 00:19:30,61789304
2020-08-03 00:19:40,63085624
2020-08-03 00:19:50,78574008
2020-08-03 00:20:00,82518136
2020-08-03 00:20:10,83869360
2020-08-03 00:20:20,96198168
2020-08-03 00:20:30,73812584
2020-08-03 00:20:40,78517520
2020-08-03 00:20:50,99412832
2020-08-03 00:21:00,76134080
2020-08-03 00:21:10,77496968
2020-08-03 00:21:20,94369784
2020-08-03 00:21:30,68414968
2020-08-03 00:21:40,69807992
2020-08-03 00:21:50,94214640
2020-08-03 00:22:00,64064120
2020-08-03 00:22:10,65482296
2020-08-03 00:22:20,89772800
2020-08-03 00:22:30,105255720
2020-08-03 00:22:40,106557216
2020-08-03 00:22:50,75725208
2020-08-03 00:23:00,99451544
2020-08-03 00:23:10,100821216
2020-08-03 00:23:20,109538096
2020-08-03 00:23:30,78991168
2020-08-03 00:23:40,80355656
2020-08-03 00:23:50,98098728
2020-08-03 00:24:00,99459048
2020-08-03 00:24:10,100835312
2020-08-03 00:24:20,105014712
2020-08-03 00:24:30,106417352
2020-08-03 00:24:40,107781336
2020-08-03 00:24:50,72671360
2020-08-03 00:25:00,92186328
2020-08-03 00:25:10,93636176
2020-08-03 00:25:20,100942360
2020-08-03 00:25:30,102385800
2020-08-03 00:25:40,103684008
2020-08-03 00:25:50,77817480
2020-08-03 00:26:00,102332704
2020-08-03 00:26:10,106721224
2020-08-03 00:26:20,78404032
2020-08-03 00:26:30,86704720
2020-08-03 00:26:40,88037416
2020-08-03 00:26:50,64101696
2020-08-03 00:27:00,66785328
2020-08-03 00:27:10,68189008
2020-08-03 00:27:20,84503968
2020-08-03 00:27:30,68190272
2020-08-03 00:27:40,69545272
2020-08-03 00:27:50,99212352
2020-08-03 00:28:00,86952864
2020-08-03 00:28:10,88331800
2020-08-03 00:28:20,100819136
2020-08-03 00:28:30,102167368
2020-08-03 00:28:40,103515808
2020-08-03 00:28:50,83192176
2020-08-03 00:29:01,100822952
2020-08-03 00:29:11,102136552
2020-08-03 00:29:21,83381720
2020-08-03 00:29:31,73934168
2020-08-03 00:29:41,75476312
2020-08-03 00:29:51,92832216
2020-08-03 00:30:01,94355408
2020-08-03 00:30:11,95724312
2020-08-03 00:30:21,71492640
2020-08-03 00:30:31,69635200
2020-08-03 00:30:41,75088208
2020-08-03 00:30:51,91736120
2020-08-03 00:31:01,74555456
2020-08-03 00:31:11,75926320
2020-08-03 00:31:21,90261952
2020-08-03 00:31:31,91616432
2020-08-03 00:31:41,92964728
2020-08-03 00:31:51,74928184
2020-08-03 00:32:01,76891344
2020-08-03 00:32:11,78230336
2020-08-03 00:32:21,90913824
2020-08-03 00:32:31,92537664
2020-08-03 00:32:41,93916912
2020-08-03 00:32:51,76680048
2020-08-03 00:33:01,87477808
2020-08-03 00:33:11,88844056
2020-08-03 00:33:21,76126544
2020-08-03 00:33:31,75865816
2020-08-03 00:33:41,78960888
2020-08-03 00:33:51,93508536
2020-08-03 00:34:01,77046264
2020-08-03 00:34:11,78403360
2020-08-03 00:34:21,77235104
2020-08-03 00:34:31,81829376
2020-08-03 00:34:41,83177528
2020-08-03 00:34:51,70860808
2020-08-03 00:35:01,84429312
2020-08-03 00:35:11,85759512
2020-08-03 00:35:21,77306008
2020-08-03 00:35:31,92072560
2020-08-03 00:35:41,93374504
2020-08-03 00:35:51,89043600
2020-08-03 00:36:01,62618256
2020-08-03 00:36:11,63981424
2020-08-03 00:36:21,91194896
2020-08-03 00:36:31,70855632
2020-08-03 00:36:41,80814448
2020-08-03 00:36:51,66409704
2020-08-03 00:37:01,82219616
2020-08-03 00:37:11,83550984
2020-08-03 00:37:21,73996864
2020-08-03 00:37:31,67000976
2020-08-03 00:37:41,68352944
2020-08-03 00:37:51,84923184
2020-08-03 00:38:01,61035392
2020-08-03 00:38:11,62452344
2020-08-03 00:38:21,79067232
2020-08-03 00:38:31,86958280
2020-08-03 00:38:41,88349864
2020-08-03 00:38:51,76124024
2020-08-03 00:39:01,81057776
2020-08-03 00:39:11,82399464
2020-08-03 00:39:21,74454872
2020-08-03 00:39:31,75130768
2020-08-03 00:39:41,76557376
2020-08-03 00:39:51,77416224
2020-08-03 00:40:02,65439040
2020-08-03 00:40:12,66823976
2020-08-03 00:40:22,83066352
2020-08-03 00:40:32,85577760
2020-08-03 00:40:42,86935264
2020-08-03 00:40:52,85179216
2020-08-03 00:41:02,63507952
2020-08-03 00:41:12,64878752
2020-08-03 00:41:22,61701888
2020-08-03 00:41:32,63269152
2020-08-03 00:41:42,64641752
2020-08-03 00:41:52,70428152
2020-08-03 00:42:02,82829296
2020-08-03 00:42:12,84195328
2020-08-03 00:42:22,78306416
2020-08-03 00:42:32,84005720
2020-08-03 00:42:42,86813656
2020-08-03 00:42:52,68395368
2020-08-03 00:43:02,77053872
2020-08-03 00:43:12,78413344
2020-08-03 00:43:22,80669416
2020-08-03 00:43:32,72311104
2020-08-03 00:43:42,61061304
2020-08-03 00:43:52,73729016
2020-08-03 00:44:02,68163472
2020-08-03 00:44:12,69540648
2020-08-03 00:44:22,73582112
2020-08-03 00:44:32,71666400
2020-08-03 00:44:42,73045216
2020-08-03 00:44:52,70176728
2020-08-03 00:45:02,73777472
2020-08-03 00:45:12,78701496
2020-08-03 00:45:22,80534568
2020-08-03 00:45:32,85020640
2020-08-03 00:45:42,86371960
2020-08-03 00:45:52,64062680
2020-08-03 00:46:02,80688856
2020-08-03 00:46:12,82113072
2020-08-03 00:46:22,77378560
2020-08-03 00:46:32,78747376
2020-08-03 00:46:42,80108608
2020-08-03 00:46:52,77303688
2020-08-03 00:47:02,80352536
2020-08-03 00:47:12,81701288
2020-08-03 00:47:22,82716368
2020-08-03 00:47:32,63348392
2020-08-03 00:47:42,66690296
2020-08-03 00:47:52,76360184
2020-08-03 00:48:02,61210968
2020-08-03 00:48:12,62607464
2020-08-03 00:48:22,62940648
2020-08-03 00:48:32,85540008
2020-08-03 00:48:42,87928464
2020-08-03 00:48:52,72666880
2020-08-03 00:49:02,85600728
2020-08-03 00:49:12,68416432
2020-08-03 00:49:22,83358968
2020-08-03 00:49:32,64436224
2020-08-03 00:49:42,65798120
2020-08-03 00:49:52,82477656
2020-08-03 00:50:02,79550904
2020-08-03 00:50:12,80912488
2020-08-03 00:50:22,81492168
2020-08-03 00:50:32,64025704
2020-08-03 00:50:42,65418712
2020-08-03 00:50:52,79863096
2020-08-03 00:51:03,87296784
2020-08-03 00:51:13,88675952
2020-08-03 00:51:23,72516248
2020-08-03 00:51:33,84196976
2020-08-03 00:51:43,68547680
2020-08-03 00:51:53,79230432
2020-08-03 00:52:03,73765752
2020-08-03 00:52:13,76441584
2020-08-03 00:52:23,72490368
2020-08-03 00:52:33,78685816
2020-08-03 00:52:43,88359840
2020-08-03 00:52:53,82106560
2020-08-03 00:53:03,66735048
2020-08-03 00:53:13,68110784
2020-08-03 00:53:23,84078912
2020-08-03 00:53:33,85952704
2020-08-03 00:53:43,65198096
2020-08-03 00:53:53,68196320
2020-08-03 00:54:03,69575232
2020-08-03 00:54:13,70949304
2020-08-03 00:54:23,79781496
2020-08-03 00:54:33,70706120
2020-08-03 00:54:43,72063888
2020-08-03 00:54:53,76521448
2020-08-03 00:55:03,77256904
2020-08-03 00:55:13,83920944
2020-08-03 00:55:23,71538536
2020-08-03 00:55:33,81969528
2020-08-03 00:55:43,83338760
2020-08-03 00:55:53,81425088
2020-08-03 00:56:03,65711984
2020-08-03 00:56:13,67107624
2020-08-03 00:56:23,72911744
2020-08-03 00:56:33,85238704
2020-08-03 00:56:43,86588424
2020-08-03 00:56:53,86369408
2020-08-03 00:57:03,66479792
2020-08-03 00:57:13,68511704
2020-08-03 00:57:23,79530760
2020-08-03 00:57:33,82959696
2020-08-03 00:57:43,84318328
2020-08-03 00:57:53,83847384
2020-08-03 00:58:03,76483560
2020-08-03 00:58:13,67127472
2020-08-03 00:58:23,77125480
2020-08-03 00:58:33,80242848
2020-08-03 00:58:43,73969128
2020-08-03 00:58:53,85576640
2020-08-03 00:59:03,86945632
2020-08-03 00:59:13,88358120
2020-08-03 00:59:23,66353952
2020-08-03 00:59:33,67725208
2020-08-03 00:59:43,70338392
2020-08-03 00:59:53,82709080
2020-08-03 01:00:03,84878008
2020-08-03 01:00:13,65102504
2020-08-03 01:00:23,74963192
2020-08-03 01:00:33,79911328
2020-08-03 01:00:43,81444904
2020-08-03 01:00:53,73777744
2020-08-03 01:01:03,75139568
2020-08-03 01:01:13,78210136
2020-08-03 01:01:23,65233304
2020-08-03 01:01:33,66617296
2020-08-03 01:01:43,69347608
2020-08-03 01:01:54,85460056
2020-08-03 01:02:04,89667224
2020-08-03 01:02:14,67567200
2020-08-03 01:02:24,75902864
2020-08-03 01:02:34,77272408
2020-08-03 01:02:44,80320472
2020-08-03 01:02:54,76195984
2020-08-03 01:03:04,75677576
2020-08-03 01:03:14,77836024
2020-08-03 01:03:24,73489928
2020-08-03 01:03:34,79494664
2020-08-03 01:03:44,81366936
2020-08-03 01:03:54,74129656
2020-08-03 01:04:04,68205504
2020-08-03 01:04:14,73476752
2020-08-03 01:04:24,69209576
2020-08-03 01:04:34,87087944
2020-08-03 01:04:44,67913864
2020-08-03 01:04:54,80569776
2020-08-03 01:05:04,81948088
2020-08-03 01:05:14,83322608
2020-08-03 01:05:24,85577128
2020-08-03 01:05:34,69241976
2020-08-03 01:05:44,71800672
2020-08-03 01:05:54,82322304
2020-08-03 01:06:04,83669720
2020-08-03 01:06:14,67634992
2020-08-03 01:06:24,76033032
2020-08-03 01:06:34,77380664
2020-08-03 01:06:44,79657600
2020-08-03 01:06:54,75994808
2020-08-03 01:07:04,77357368
2020-08-03 01:07:14,80765384
2020-08-03 01:07:24,74790160
2020-08-03 01:07:34,83636736
2020-08-03 01:07:44,66035560
2020-08-03 01:07:54,73177776
2020-08-03 01:08:04,74552840
2020-08-03 01:08:14,79162312
2020-08-03 01:08:24,78523880
2020-08-03 01:08:34,79888680
2020-08-03 01:08:44,83708712
2020-08-03 01:08:54,78658152
2020-08-03 01:09:04,78907720
2020-08-03 01:09:14,82007104
2020-08-03 01:09:24,79248512
2020-08-03 01:09:34,70118760
2020-08-03 01:09:44,74509136
2020-08-03 01:09:54,72527744
2020-08-03 01:10:04,82188288
2020-08-03 01:10:14,86034424
2020-08-03 01:10:24,77962536
2020-08-03 01:10:34,79328104
2020-08-03 01:10:44,81920720
2020-08-03 01:10:54,73410216
2020-08-03 01:11:04,76763464
2020-08-03 01:11:14,81323368
2020-08-03 01:11:24,67694208
2020-08-03 01:11:34,76870824
2020-08-03 01:11:44,81139928
2020-08-03 01:11:54,72770864
2020-08-03 01:12:04,76419928
2020-08-03 01:12:14,79911680
2020-08-03 01:12:24,75031336
2020-08-03 01:12:34,85570496
2020-08-03 01:12:44,68938464
2020-08-03 01:12:55,69464544
2020-08-03 01:13:05,82161016
2020-08-03 01:13:15,90924024
2020-08-03 01:13:25,85663512
2020-08-03 01:13:35,76017184
2020-08-03 01:13:45,82067160
2020-08-03 01:13:55,80903240
2020-08-03 01:14:05,87069744
2020-08-03 01:14:15,80595328
2020-08-03 01:14:25,81231744
2020-08-03 01:14:35,88817560
2020-08-03 01:14:45,75913112
2020-08-03 01:14:55,73926544
2020-08-03 01:15:05,76093328
2020-08-03 01:15:15,79625232
2020-08-03 01:15:25,82410672
2020-08-03 01:15:35,72676840
2020-08-03 01:15:45,77131288
2020-08-03 01:15:55,85071184
2020-08-03 01:16:05,76613656
2020-08-03 01:16:15,86640168
2020-08-03 01:16:25,81871016
2020-08-03 01:16:35,73909072
2020-08-03 01:16:45,77715936
2020-08-03 01:16:55,91485896
2020-08-03 01:17:05,84794032
2020-08-03 01:17:15,83524000
2020-08-03 01:17:25,87741504
2020-08-03 01:17:35,89117352
2020-08-03 01:17:45,74842192
2020-08-03 01:17:55,82200888
2020-08-03 01:18:05,90397344
2020-08-03 01:18:15,78706464
2020-08-03 01:18:25,82549968
2020-08-03 01:18:35,83897880
2020-08-03 01:18:45,73840496
2020-08-03 01:18:55,84469664
2020-08-03 01:19:05,92005416
2020-08-03 01:19:15,75867272
2020-08-03 01:19:25,86265080
2020-08-03 01:19:35,80069736
2020-08-03 01:19:45,88388192
2020-08-03 01:19:55,78708448
2020-08-03 01:20:05,84287792
2020-08-03 01:20:15,74582624
2020-08-03 01:20:25,76533336
2020-08-03 01:20:35,77883496
2020-08-03 01:20:45,80836824
2020-08-03 01:20:55,86794024
2020-08-03 01:21:05,73814776
2020-08-03 01:21:15,78018608
2020-08-03 01:21:25,89117800
2020-08-03 01:21:35,83550384
2020-08-03 01:21:45,89294856
2020-08-03 01:21:55,89818016
2020-08-03 01:22:05,82179632
2020-08-03 01:22:15,87600152
2020-08-03 01:22:25,80536880
2020-08-03 01:22:35,83274528
2020-08-03 01:22:45,89696400
2020-08-03 01:22:55,82509064
2020-08-03 01:23:05,83880176
2020-08-03 01:23:15,75904560
2020-08-03 01:23:25,76613816
2020-08-03 01:23:35,78921608
2020-08-03 01:23:45,84670576
2020-08-03 01:23:56,76252728
2020-08-03 01:24:06,84499616
2020-08-03 01:24:16,75044664
2020-08-03 01:24:26,79957248
2020-08-03 01:24:36,81050592
2020-08-03 01:24:46,77623904
2020-08-03 01:24:56,77774320
2020-08-03 01:25:06,79182704
2020-08-03 01:25:16,86798752
2020-08-03 01:25:26,84562952
2020-08-03 01:25:36,75730824
2020-08-03 01:25:46,88705072
2020-08-03 01:25:56,85964104
2020-08-03 01:26:06,91179800
2020-08-03 01:26:16,79853936
2020-08-03 01:26:26,91609504
2020-08-03 01:26:36,85260208
2020-08-03 01:26:46,77412152
2020-08-03 01:26:56,90580528
2020-08-03 01:27:06,76910520
2020-08-03 01:27:16,82018848
2020-08-03 01:27:26,84557144
2020-08-03 01:27:36,76052416
2020-08-03 01:27:46,80622752
2020-08-03 01:27:56,89385416
2020-08-03 01:28:06,87259640
2020-08-03 01:28:16,86038888
2020-08-03 01:28:26,78699448
2020-08-03 01:28:36,83777512
2020-08-03 01:28:46,75963216
2020-08-03 01:28:56,83788040
2020-08-03 01:29:06,83868688
2020-08-03 01:29:16,77573944
2020-08-03 01:29:26,83950088
2020-08-03 01:29:36,80693704
2020-08-03 01:29:46,86432192
2020-08-03 01:29:56,80330112
2020-08-03 01:30:06,86064560
2020-08-03 01:30:16,82802056
2020-08-03 01:30:26,81216208
2020-08-03 01:30:36,75767400
2020-08-03 01:30:46,82237616
2020-08-03 01:30:56,86416088
2020-08-03 01:31:06,77098504
2020-08-03 01:31:16,83376856
2020-08-03 01:31:26,87795496
2020-08-03 01:31:36,86308592
2020-08-03 01:31:46,78194304
2020-08-03 01:31:56,83476384
2020-08-03 01:32:06,85795272
2020-08-03 01:32:16,81054936
2020-08-03 01:32:26,81795184
2020-08-03 01:32:36,83138008
2020-08-03 01:32:46,79418560
2020-08-03 01:32:56,76272496
2020-08-03 01:33:06,77654696
2020-08-03 01:33:16,83518480
2020-08-03 01:33:26,76264600
2020-08-03 01:33:36,79830224
2020-08-03 01:33:46,85433448
2020-08-03 01:33:56,82445528
2020-08-03 01:34:06,90284824
2020-08-03 01:34:16,89442024
2020-08-03 01:34:26,87664136
2020-08-03 01:34:36,87800976
2020-08-03 01:34:47,88699808
2020-08-03 01:34:57,95105752
2020-08-03 01:35:07,91210960
2020-08-03 01:35:17,90352776
2020-08-03 01:35:27,90520800
2020-08-03 01:35:37,91904528
2020-08-03 01:35:47,90728536
2020-08-03 01:35:57,88499656
2020-08-03 01:36:07,90851192
2020-08-03 01:36:17,92058776
2020-08-03 01:36:27,91505360
2020-08-03 01:36:37,86909024
2020-08-03 01:36:47,92822480
2020-08-03 01:36:57,91079096
2020-08-03 01:37:07,92455304
2020-08-03 01:37:17,90496064
2020-08-03 01:37:27,89909728
2020-08-03 01:37:37,91612992
2020-08-03 01:37:47,91977704
2020-08-03 01:37:57,93034952
2020-08-03 01:38:07,93358232
2020-08-03 01:38:17,93457520
2020-08-03 01:38:27,93378752
2020-08-03 01:38:37,87624712
2020-08-03 01:38:47,94211304
2020-08-03 01:38:57,94487712
2020-08-03 01:39:07,92347192
2020-08-03 01:39:17,93452032
2020-08-03 01:39:27,102680176
2020-08-03 01:39:37,89713976
2020-08-03 01:39:47,92412872
2020-08-03 01:39:57,97316280
2020-08-03 01:40:07,98682408
2020-08-03 01:40:17,89846544
2020-08-03 01:40:27,90532896
2020-08-03 01:40:37,91910048
2020-08-03 01:40:47,99064768
2020-08-03 01:40:57,91548520
2020-08-03 01:41:07,95488808
2020-08-03 01:41:17,101143368
2020-08-03 01:41:27,91708584
2020-08-03 01:41:37,90059520
2020-08-03 01:41:47,91180472
2020-08-03 01:41:57,94273912
2020-08-03 01:42:07,101507632
2020-08-03 01:42:17,96086112
2020-08-03 01:42:27,92740112
2020-08-03 01:42:37,97647480
2020-08-03 01:42:47,91920368
2020-08-03 01:42:57,91589984
2020-08-03 01:43:07,93467688
2020-08-03 01:43:17,90859080
2020-08-03 01:43:27,89664896
2020-08-03 01:43:37,91010168
2020-08-03 01:43:47,94520600
2020-08-03 01:43:57,94451888
2020-08-03 01:44:07,95796264
2020-08-03 01:44:17,93469848
2020-08-03 01:44:27,101982672
2020-08-03 01:44:37,97189272
2020-08-03 01:44:47,92464936
2020-08-03 01:44:57,95362000
2020-08-03 01:45:07,96739440
2020-08-03 01:45:17,92140472
2020-08-03 01:45:27,94379160
2020-08-03 01:45:37,98046504
2020-08-03 01:45:48,95911688
2020-08-03 01:45:58,99971944
2020-08-03 01:46:08,90356192
2020-08-03 01:46:18,97197128
2020-08-03 01:46:28,100459192
2020-08-03 01:46:38,98724008
2020-08-03 01:46:48,94329696
2020-08-03 01:46:58,98838424
2020-08-03 01:47:08,98881840
2020-08-03 01:47:18,95669776
2020-08-03 01:47:28,102258968
2020-08-03 01:47:38,96682472
2020-08-03 01:47:48,97468816
2020-08-03 01:47:58,99756736
2020-08-03 01:48:08,91312976
2020-08-03 01:48:18,97220440
2020-08-03 01:48:28,99106200
2020-08-03 01:48:38,91286432
2020-08-03 01:48:48,93735648
2020-08-03 01:48:58,94383232
2020-08-03 01:49:08,99144608
2020-08-03 01:49:18,97549856
2020-08-03 01:49:28,101873144
2020-08-03 01:49:38,93826304
2020-08-03 01:49:48,99732880
2020-08-03 01:49:58,106120672
2020-08-03 01:50:08,101439208
2020-08-03 01:50:18,98613008
2020-08-03 01:50:28,102095968
2020-08-03 01:50:38,95134792
2020-08-03 01:50:48,101097248
2020-08-03 01:50:58,102942088
2020-08-03 01:51:08,92803992
2020-08-03 01:51:18,96500144
2020-08-03 01:51:28,97738968
2020-08-03 01:51:38,99098344
2020-08-03 01:51:48,98757672
2020-08-03 01:51:58,97879704
2020-08-03 01:52:08,101350400
2020-08-03 01:52:18,95384944
2020-08-03 01:52:28,96759208
2020-08-03 01:52:38,98125936
2020-08-03 01:52:48,98138184
2020-08-03 01:52:58,96009248
2020-08-03 01:53:08,97371112
2020-08-03 01:53:18,95594816
2020-08-03 01:53:28,103259608
2020-08-03 01:53:38,99158544
2020-08-03 01:53:48,100004672
2020-08-03 01:53:58,101065440
2020-08-03 01:54:08,97794480
2020-08-03 01:54:18,104965392
2020-08-03 01:54:28,97063008
2020-08-03 01:54:38,102629808
2020-08-03 01:54:48,107009824
2020-08-03 01:54:58,104682568
2020-08-03 01:55:08,106052040
2020-08-03 01:55:18,105872384
2020-08-03 01:55:28,104030784
2020-08-03 01:55:38,107708520
2020-08-03 01:55:48,103757736
2020-08-03 01:55:58,95682760
2020-08-03 01:56:08,107452544
2020-08-03 01:56:18,104231720
2020-08-03 01:56:28,107342688
2020-08-03 01:56:38,108715768
2020-08-03 01:56:49,103486680
2020-08-03 01:56:59,94363216
2020-08-03 01:57:09,95731096
2020-08-03 01:57:19,96806232
2020-08-03 01:57:29,96660808
2020-08-03 01:57:39,105822512
2020-08-03 01:57:49,102555968
2020-08-03 01:57:59,101519416
2020-08-03 01:58:09,102100296
2020-08-03 01:58:19,99443824
2020-08-03 01:58:29,100835544
2020-08-03 01:58:39,102184504
2020-08-03 01:58:49,101756864
2020-08-03 01:58:59,102336456
2020-08-03 01:59:09,106551104
2020-08-03 01:59:19,101950072
2020-08-03 01:59:29,98083816
2020-08-03 01:59:39,105427496
2020-08-03 01:59:49,102583584
2020-08-03 01:59:59,99861224
2020-08-03 02:00:09,96445088
2020-08-03 02:00:19,103914456
2020-08-03 02:00:29,102406960
2020-08-03 02:00:39,103774448
2020-08-03 02:00:49,102922608
2020-08-03 02:00:59,96288520
2020-08-03 02:01:09,97655432
2020-08-03 02:01:19,101563344
2020-08-03 02:01:29,100362024
2020-08-03 02:01:39,101699736
2020-08-03 02:01:49,103872024
2020-08-03 02:01:59,99406240
2020-08-03 02:02:09,103906992
2020-08-03 02:02:19,104777888
2020-08-03 02:02:29,106974304
2020-08-03 02:02:39,102783800
2020-08-03 02:02:49,98576784
2020-08-03 02:02:59,97571640
2020-08-03 02:03:09,103201448
2020-08-03 02:03:19,100081808
2020-08-03 02:03:29,107688096
2020-08-03 02:03:39,104330224
2020-08-03 02:03:49,111446400
2020-08-03 02:03:59,96944752
2020-08-03 02:04:09,98362768
2020-08-03 02:04:19,99246272
2020-08-03 02:04:29,108356536
2020-08-03 02:04:39,110245088
2020-08-03 02:04:49,108533288
2020-08-03 02:04:59,101994464
2020-08-03 02:05:09,98802120
2020-08-03 02:05:19,107888680
2020-08-03 02:05:29,102290728
2020-08-03 02:05:39,104104072
2020-08-03 02:05:49,103978376
2020-08-03 02:05:59,103360544
2020-08-03 02:06:09,97389208
2020-08-03 02:06:19,104408440
2020-08-03 02:06:29,103670456
2020-08-03 02:06:39,104282696
2020-08-03 02:06:49,104722088
2020-08-03 02:06:59,102163760
2020-08-03 02:07:09,103551880
2020-08-03 02:07:19,104444128
2020-08-03 02:07:29,104304328
2020-08-03 02:07:39,104346248
2020-08-03 02:07:50,106446192
2020-08-03 02:08:00,106501248
2020-08-03 02:08:10,98902952
2020-08-03 02:08:20,107640072
2020-08-03 02:08:30,103752792
2020-08-03 02:08:40,111048184
2020-08-03 02:08:50,108982584
2020-08-03 02:09:00,113237760
2020-08-03 02:09:10,109186176
2020-08-03 02:09:20,112084680
2020-08-03 02:09:30,106690744
2020-08-03 02:09:40,108711792
2020-08-03 02:09:50,112333880
2020-08-03 02:10:00,106767160
2020-08-03 02:10:10,104249728
2020-08-03 02:10:20,109804320
2020-08-03 02:10:30,109477704
2020-08-03 02:10:40,107668800
2020-08-03 02:10:50,107041112
2020-08-03 02:11:00,107345888
2020-08-03 02:11:10,108714488
2020-08-03 02:11:20,103475592
2020-08-03 02:11:30,108950128
2020-08-03 02:11:40,110324072
2020-08-03 02:11:50,108321936
2020-08-03 02:12:00,106841760
2020-08-03 02:12:10,110431016
2020-08-03 02:12:20,107579192
2020-08-03 02:12:30,104625136
2020-08-03 02:12:40,105970784
2020-08-03 02:12:50,109203632
2020-08-03 02:13:00,104460688
2020-08-03 02:13:10,108954984
2020-08-03 02:13:20,110324512
2020-08-03 02:13:30,116958560
2020-08-03 02:13:40,106859152
2020-08-03 02:13:50,115232680
2020-08-03 02:14:00,112282728
2020-08-03 02:14:10,108605816
2020-08-03 02:14:20,112872472
2020-08-03 02:14:30,108269504
2020-08-03 02:14:40,110049824
2020-08-03 02:14:50,122456544
2020-08-03 02:15:00,115035736
2020-08-03 02:15:10,118985424
2020-08-03 02:15:20,119638320
2020-08-03 02:15:30,112544272
2020-08-03 02:15:40,58358376
2020-08-03 02:15:50,56469904
2020-08-03 02:16:00,60549552
2020-08-03 02:16:10,63373368
2020-08-03 02:16:20,63161816
2020-08-03 02:16:30,60195592
2020-08-03 02:16:40,64520272
2020-08-03 02:16:50,67148888
2020-08-03 02:17:00,60188472
2020-08-03 02:17:10,61603384
2020-08-03 02:17:20,56756584
2020-08-03 02:17:30,70041160
2020-08-03 02:17:40,63546184
2020-08-03 02:17:50,61976240
2020-08-03 02:18:00,59092624
2020-08-03 02:18:10,60590024
2020-08-03 02:18:20,65536920
2020-08-03 02:18:30,64251936
2020-08-03 02:18:41,67848792
2020-08-03 02:18:51,67905176
2020-08-03 02:19:01,66746024
2020-08-03 02:19:11,61849880
2020-08-03 02:19:21,60561128
2020-08-03 02:19:31,66265576
2020-08-03 02:19:41,71048304
2020-08-03 02:19:51,72779368
2020-08-03 02:20:01,60131080
2020-08-03 02:20:11,69005496
2020-08-03 02:20:21,67039680
2020-08-03 02:20:31,75685352
2020-08-03 02:20:41,67563512
2020-08-03 02:20:51,59822232
2020-08-03 02:21:01,71163944
2020-08-03 02:21:11,72536688
2020-08-03 02:21:21,65675712
2020-08-03 02:21:31,67072384
2020-08-03 02:21:41,68427960
2020-08-03 02:21:51,66727744
2020-08-03 02:22:01,72585520
2020-08-03 02:22:11,78752360
2020-08-03 02:22:21,69160976
2020-08-03 02:22:31,73188672
2020-08-03 02:22:41,74255976
2020-08-03 02:22:51,73128648
2020-08-03 02:23:01,67988808
2020-08-03 02:23:11,79149344
2020-08-03 02:23:21,80903464
2020-08-03 02:23:31,55771760
2020-08-03 02:23:41,57161800
2020-08-03 02:23:51,76281144
2020-08-03 02:24:01,62523728
2020-08-03 02:24:11,80928288
2020-08-03 02:24:21,79771256
2020-08-03 02:24:31,72755888
2020-08-03 02:24:41,67570632
2020-08-03 02:24:51,58617216
2020-08-03 02:25:01,59990008
2020-08-03 02:25:11,61356784
2020-08-03 02:25:21,73818152
2020-08-03 02:25:31,64701520
2020-08-03 02:25:41,77442904
2020-08-03 02:25:51,79772232
2020-08-03 02:26:01,73454368
2020-08-03 02:26:11,64629608
2020-08-03 02:26:21,82858504
2020-08-03 02:26:31,78783544
2020-08-03 02:26:41,80151704
2020-08-03 02:26:51,76010104
2020-08-03 02:27:01,78536632
2020-08-03 02:27:11,79891696
2020-08-03 02:27:21,65576448
2020-08-03 02:27:31,69335824
2020-08-03 02:27:41,70686088
2020-08-03 02:27:51,79660264
2020-08-03 02:28:01,71237448
2020-08-03 02:28:11,84659176
2020-08-03 02:28:21,76946160
2020-08-03 02:28:31,87932048
2020-08-03 02:28:41,72434888
2020-08-03 02:28:51,80101432
2020-08-03 02:29:01,76960376
2020-08-03 02:29:11,84158648
2020-08-03 02:29:21,76210664
2020-08-03 02:29:31,76222080
2020-08-03 02:29:42,77597624
2020-08-03 02:29:52,72501568
2020-08-03 02:30:02,75042368
2020-08-03 02:30:12,76450728
2020-08-03 02:30:22,88177920
2020-08-03 02:30:32,84015440
2020-08-03 02:30:42,78949664
2020-08-03 02:30:52,71393128
2020-08-03 02:31:02,78694720
2020-08-03 02:31:12,86104816
2020-08-03 02:31:22,85575632
2020-08-03 02:31:32,71337288
2020-08-03 02:31:42,94075928
2020-08-03 02:31:52,83804944
2020-08-03 02:32:02,65254312
2020-08-03 02:32:12,66626392
2020-08-03 02:32:22,70810384
2020-08-03 02:32:32,87998960
2020-08-03 02:32:42,96781872
2020-08-03 02:32:52,98698568
2020-08-03 02:33:02,95899056
2020-08-03 02:33:12,97285048
2020-08-03 02:33:22,74064656
2020-08-03 02:33:32,81884512
2020-08-03 02:33:42,83923104
2020-08-03 02:33:52,75064576
2020-08-03 02:34:02,93603520
2020-08-03 02:34:12,83871168
2020-08-03 02:34:22,91395464
2020-08-03 02:34:32,92797624
2020-08-03 02:34:42,94168400
2020-08-03 02:34:52,92999864
2020-08-03 02:35:02,80664976
2020-08-03 02:35:12,82017992
2020-08-03 02:35:22,86640224
2020-08-03 02:35:32,68286672
2020-08-03 02:35:42,69667192
2020-08-03 02:35:52,68818928
2020-08-03 02:36:02,67675688
2020-08-03 02:36:12,69357696
2020-08-03 02:36:22,100166688
2020-08-03 02:36:32,93883256
2020-08-03 02:36:42,93071864
2020-08-03 02:36:52,90917776
2020-08-03 02:37:02,101210616
2020-08-03 02:37:12,75093280
2020-08-03 02:37:22,101462440
2020-08-03 02:37:32,102820400
2020-08-03 02:37:42,104178368
2020-08-03 02:37:52,68455256
2020-08-03 02:38:02,73968488
2020-08-03 02:38:12,75331560
2020-08-03 02:38:22,99778464
2020-08-03 02:38:32,69535944
2020-08-03 02:38:42,89220000
2020-08-03 02:38:52,97413648
2020-08-03 02:39:02,99051576
2020-08-03 02:39:12,100409800
2020-08-03 02:39:22,93371504
2020-08-03 02:39:32,85008840
2020-08-03 02:39:42,86364176
2020-08-03 02:39:52,79600080
2020-08-03 02:40:02,88151320
2020-08-03 02:40:12,79263040
2020-08-03 02:40:22,104053792
2020-08-03 02:40:32,105403944
2020-08-03 02:40:43,106764304
2020-08-03 02:40:53,82624768
2020-08-03 02:41:03,69886040
2020-08-03 02:41:13,71257920
2020-08-03 02:41:23,103043776
2020-08-03 02:41:33,72262320
2020-08-03 02:41:43,68025872
2020-08-03 02:41:53,87488256
2020-08-03 02:42:03,93755504
2020-08-03 02:42:13,95106216
2020-08-03 02:42:23,88609520
2020-08-03 02:42:33,83465616
2020-08-03 02:42:43,103781000
2020-08-03 02:42:53,71029688
2020-08-03 02:43:03,72391760
2020-08-03 02:43:13,73795120
2020-08-03 02:43:23,66628352
2020-08-03 02:43:33,76730104
2020-08-03 02:43:43,82487120
2020-08-03 02:43:53,83330360
2020-08-03 02:44:03,84685856
2020-08-03 02:44:13,86067792
2020-08-03 02:44:23,79012024
2020-08-03 02:44:33,64369968
2020-08-03 02:44:43,80360432
2020-08-03 02:44:53,101860328
2020-08-03 02:45:03,105866544
2020-08-03 02:45:13,94695296
2020-08-03 02:45:23,81750984
2020-08-03 02:45:33,84701344
2020-08-03 02:45:43,86043008
2020-08-03 02:45:53,80254136
2020-08-03 02:46:03,85435784
2020-08-03 02:46:13,79585480
2020-08-03 02:46:23,80712680
2020-08-03 02:46:33,82082520
2020-08-03 02:46:43,83444648
2020-08-03 02:46:53,67000064
2020-08-03 02:47:03,84694304
2020-08-03 02:47:13,62660712
2020-08-03 02:47:23,106706880
2020-08-03 02:47:33,112165768
2020-08-03 02:47:43,96363384
2020-08-03 02:47:53,90399960
2020-08-03 02:48:03,81948224
2020-08-03 02:48:13,100589512
2020-08-03 02:48:23,100382424
2020-08-03 02:48:33,111299520
2020-08-03 02:48:43,93974064
2020-08-03 02:48:53,87100080
2020-08-03 02:49:03,104086200
2020-08-03 02:49:13,117851576
2020-08-03 02:49:23,110178192
2020-08-03 02:49:33,120328528
2020-08-03 02:49:43,126973648
2020-08-03 02:49:53,84470976
2020-08-03 02:50:03,121131128
2020-08-03 02:50:13,121224792
2020-08-03 02:50:23,114669112
2020-08-03 02:50:33,108381208
2020-08-03 02:50:43,78424520
2020-08-03 02:50:53,115322328
2020-08-03 02:51:03,106438744
2020-08-03 02:51:13,104753552
2020-08-03 02:51:23,124681744
2020-08-03 02:51:34,126031112
2020-08-03 02:51:44,127380920
2020-08-03 02:51:54,109524608
2020-08-03 02:52:04,104687792
2020-08-03 02:52:14,87507408
2020-08-03 02:52:24,122510096
2020-08-03 02:52:34,127043896
2020-08-03 02:52:44,102581256
2020-08-03 02:52:54,111426920
2020-08-03 02:53:04,120329984
2020-08-03 02:53:14,121681864
2020-08-03 02:53:24,120103184
2020-08-03 02:53:34,94719408
2020-08-03 02:53:44,96362288
2020-08-03 02:53:54,129618016
2020-08-03 02:54:04,120634152
2020-08-03 02:54:14,108542312
2020-08-03 02:54:24,86272232
2020-08-03 02:54:34,104138080
2020-08-03 02:54:44,99392824
2020-08-03 02:54:54,89233888
2020-08-03 02:55:04,100910376
2020-08-03 02:55:14,111928880
2020-08-03 02:55:24,104463000
2020-08-03 02:55:34,99529128
2020-08-03 02:55:44,99038560
2020-08-03 02:55:54,122312440
2020-08-03 02:56:04,101259040
2020-08-03 02:56:14,103960784
2020-08-03 02:56:24,96230456
2020-08-03 02:56:34,94852432
2020-08-03 02:56:44,98144736
2020-08-03 02:56:54,78895360
2020-08-03 02:57:04,101530496
2020-08-03 02:57:14,104586056
2020-08-03 02:57:24,95922568
2020-08-03 02:57:34,107050328
2020-08-03 02:57:44,109297688
2020-08-03 02:57:54,101916088
2020-08-03 02:58:04,115129936
2020-08-03 02:58:14,117661032
2020-08-03 02:58:24,104847680
2020-08-03 02:58:34,115473688
2020-08-03 02:58:44,128968688
2020-08-03 02:58:54,110264440
2020-08-03 02:59:04,109124560
2020-08-03 02:59:14,93465304
2020-08-03 02:59:24,90196960
2020-08-03 02:59:34,99156344
2020-08-03 02:59:44,122826464
2020-08-03 02:59:54,103321592
2020-08-03 03:00:04,115754112
2020-08-03 03:00:14,118649992
2020-08-03 03:00:24,116178576
2020-08-03 03:00:34,108941456
2020-08-03 03:00:44,102092600
2020-08-03 03:00:54,131861240
2020-08-03 03:01:04,133221328
2020-08-03 03:01:14,78175160
2020-08-03 03:01:24,110739032
2020-08-03 03:01:34,124744456
2020-08-03 03:01:44,127334408
2020-08-03 03:01:54,100571616
2020-08-03 03:02:04,95415864
2020-08-03 03:02:14,80514224
2020-08-03 03:02:24,129441976
2020-08-03 03:02:35,85678696
2020-08-03 03:02:45,88609432
2020-08-03 03:02:55,121330896
2020-08-03 03:03:05,124272464
2020-08-03 03:03:15,126671968
2020-08-03 03:03:25,103611568
2020-08-03 03:03:35,111087024
2020-08-03 03:03:45,113683328
2020-08-03 03:03:55,106176272
2020-08-03 03:04:05,98903328
2020-08-03 03:04:15,82596408
2020-08-03 03:04:25,127231952
2020-08-03 03:04:35,93913968
2020-08-03 03:04:45,85373680
2020-08-03 03:04:55,92139376
2020-08-03 03:05:05,93024336
2020-08-03 03:05:15,129927944
2020-08-03 03:05:25,114739616
2020-08-03 03:05:35,117135952
2020-08-03 03:05:45,119998408
2020-08-03 03:05:55,119752200
2020-08-03 03:06:05,102836920
2020-08-03 03:06:15,82397592
2020-08-03 03:06:25,96358848
2020-08-03 03:06:35,97710384
2020-08-03 03:06:45,100708592
2020-08-03 03:06:55,94819888
2020-08-03 03:07:05,94529392
2020-08-03 03:07:15,128044832
2020-08-03 03:07:25,132367488
2020-08-03 03:07:35,97225320
2020-08-03 03:07:45,100369360
2020-08-03 03:07:55,133372704
2020-08-03 03:08:05,85572488
2020-08-03 03:08:15,115228800
2020-08-03 03:08:25,88257616
2020-08-03 03:08:35,100243816
2020-08-03 03:08:45,103984432
2020-08-03 03:08:55,90109768
2020-08-03 03:09:05,91080968
2020-08-03 03:09:15,109970024
2020-08-03 03:09:25,95273688
2020-08-03 03:09:35,94225600
2020-08-03 03:09:45,92065328
2020-08-03 03:09:55,114172712
2020-08-03 03:10:05,115522872
2020-08-03 03:10:15,118383680
2020-08-03 03:10:25,102190000
2020-08-03 03:10:35,94108936
2020-08-03 03:10:45,107497344
2020-08-03 03:10:55,90290608
2020-08-03 03:11:05,130568536
2020-08-03 03:11:15,118026240
2020-08-03 03:11:25,136278928
2020-08-03 03:11:35,95384744
2020-08-03 03:11:45,106591952
2020-08-03 03:11:55,85027576
2020-08-03 03:12:05,135711448
2020-08-03 03:12:15,123288352
2020-08-03 03:12:25,136537144
2020-08-03 03:12:35,116469192
2020-08-03 03:12:45,127533840
2020-08-03 03:12:55,117290528
2020-08-03 03:13:05,118399248
2020-08-03 03:13:15,108082576
2020-08-03 03:13:25,107428928
2020-08-03 03:13:36,147899960
2020-08-03 03:13:46,100146360
2020-08-03 03:13:56,137587552
2020-08-03 03:14:06,138953496
2020-08-03 03:14:16,143529640
2020-08-03 03:14:26,91259640
2020-08-03 03:14:36,92619280
2020-08-03 03:14:46,98888688
2020-08-03 03:14:56,108359560
2020-08-03 03:15:06,109717328
2020-08-03 03:15:16,113989584
2020-08-03 03:15:26,91136512
2020-08-03 03:15:36,92488224
2020-08-03 03:15:46,96366040
2020-08-03 03:15:56,139299472
2020-08-03 03:16:06,128571448
2020-08-03 03:16:16,84719328
2020-08-03 03:16:26,120710296
2020-08-03 03:16:36,85237200
2020-08-03 03:16:46,89630680
2020-08-03 03:16:56,128567024
2020-08-03 03:17:06,136012344
2020-08-03 03:17:16,83511728
2020-08-03 03:17:26,90014856
2020-08-03 03:17:36,91385840
2020-08-03 03:17:46,96784096
2020-08-03 03:17:56,124546136
2020-08-03 03:18:06,127207256
2020-08-03 03:18:16,132776864
2020-08-03 03:18:26,133702784
2020-08-03 03:18:36,83080128
2020-08-03 03:18:46,87911520
2020-08-03 03:18:56,126867696
2020-08-03 03:19:06,110166024
2020-08-03 03:19:16,137633976
2020-08-03 03:19:26,121754384
2020-08-03 03:19:36,123370416
2020-08-03 03:19:46,129534736
2020-08-03 03:19:56,120770152
2020-08-03 03:20:06,119805800
2020-08-03 03:20:16,86864920
2020-08-03 03:20:26,118164600
2020-08-03 03:20:36,119531840
2020-08-03 03:20:46,124050840
2020-08-03 03:20:56,106830856
2020-08-03 03:21:06,108429224
2020-08-03 03:21:16,113792128
2020-08-03 03:21:26,90735008
2020-08-03 03:21:36,117403264
2020-08-03 03:21:46,134877856
2020-08-03 03:21:56,118245656
2020-08-03 03:22:06,114698232
2020-08-03 03:22:16,132086832
2020-08-03 03:22:26,141072456
2020-08-03 03:22:36,116583320
2020-08-03 03:22:46,128592952
2020-08-03 03:22:56,103244512
2020-08-03 03:23:06,96655144
2020-08-03 03:23:16,109117008
2020-08-03 03:23:26,89752240
2020-08-03 03:23:36,137730632
2020-08-03 03:23:46,121499984
2020-08-03 03:23:56,135100328
2020-08-03 03:24:06,136468568
2020-08-03 03:24:16,144376800
2020-08-03 03:24:26,131177696
2020-08-03 03:24:37,109051520
2020-08-03 03:24:47,115800568
2020-08-03 03:24:57,89522792
2020-08-03 03:25:07,140848896
2020-08-03 03:25:17,111000648
2020-08-03 03:25:27,88586312
2020-08-03 03:25:37,143261176
2020-08-03 03:25:47,141548056
2020-08-03 03:25:57,150087888
2020-08-03 03:26:07,143788848
2020-08-03 03:26:17,108259624
2020-08-03 03:26:27,98420576
2020-08-03 03:26:37,108364704
2020-08-03 03:26:47,150849864
2020-08-03 03:26:57,89541280
2020-08-03 03:27:07,91652208
2020-08-03 03:27:17,96796312
2020-08-03 03:27:27,136572944
2020-08-03 03:27:37,105966112
2020-08-03 03:27:47,136450072
2020-08-03 03:27:57,149140648
2020-08-03 03:28:07,106438592
2020-08-03 03:28:17,113716776
2020-08-03 03:28:27,97507160
2020-08-03 03:28:37,150484328
2020-08-03 03:28:47,136794600
2020-08-03 03:28:57,148724104
2020-08-03 03:29:07,135675096
2020-08-03 03:29:17,135398104
2020-08-03 03:29:27,93420064
2020-08-03 03:29:37,125969208
2020-08-03 03:29:47,143184440
2020-08-03 03:29:57,119881456
2020-08-03 03:30:07,121253040
2020-08-03 03:30:17,129697448
2020-08-03 03:30:27,125663816
2020-08-03 03:30:37,104233864
2020-08-03 03:30:47,124026280
2020-08-03 03:30:57,96157032
2020-08-03 03:31:07,103066616
2020-08-03 03:31:17,109637344
2020-08-03 03:31:27,142382272
2020-08-03 03:31:37,105061528
2020-08-03 03:31:47,113726808
2020-08-03 03:31:57,156937344
2020-08-03 03:32:07,95404496
2020-08-03 03:32:17,103119088
2020-08-03 03:32:27,145372816
2020-08-03 03:32:37,127599664
2020-08-03 03:32:47,108324960
2020-08-03 03:32:57,121980248
2020-08-03 03:33:07,123333192
2020-08-03 03:33:17,132791472
2020-08-03 03:33:27,118797920
2020-08-03 03:33:37,95540760
2020-08-03 03:33:47,113099632
2020-08-03 03:33:57,109182784
2020-08-03 03:34:07,148168680
2020-08-03 03:34:17,154865216
2020-08-03 03:34:27,117725896
2020-08-03 03:34:37,129372160
2020-08-03 03:34:47,137841600
2020-08-03 03:34:57,112269048
2020-08-03 03:35:07,127800088
2020-08-03 03:35:17,135729912
2020-08-03 03:35:28,106180400
2020-08-03 03:35:38,142022112
2020-08-03 03:35:48,127802384
2020-08-03 03:35:58,101598160
2020-08-03 03:36:08,139490416
2020-08-03 03:36:18,152472552
2020-08-03 03:36:28,120024728
2020-08-03 03:36:38,123402664
2020-08-03 03:36:48,129507864
2020-08-03 03:36:58,122583152
2020-08-03 03:37:08,98731664
2020-08-03 03:37:18,129746576
2020-08-03 03:37:28,98954416
2020-08-03 03:37:38,133815024
2020-08-03 03:37:48,142346976
2020-08-03 03:37:58,124635408
2020-08-03 03:38:08,96653592
2020-08-03 03:38:18,121358056
2020-08-03 03:38:28,103931552
2020-08-03 03:38:38,124407200
2020-08-03 03:38:48,134457576
2020-08-03 03:38:58,143812248
2020-08-03 03:39:08,129707464
2020-08-03 03:39:18,109730144
2020-08-03 03:39:28,157069104
2020-08-03 03:39:38,149023696
2020-08-03 03:39:48,105648384
2020-08-03 03:39:58,151276552
2020-08-03 03:40:08,147804120
2020-08-03 03:40:18,128044840
2020-08-03 03:40:28,130139448
2020-08-03 03:40:38,115709208
2020-08-03 03:40:48,164472624
2020-08-03 03:40:58,116810848
2020-08-03 03:41:08,158256672
2020-08-03 03:41:18,168218064
2020-08-03 03:41:28,176569008
2020-08-03 03:41:38,141824016
2020-08-03 03:41:48,154337888
2020-08-03 03:41:58,132900432
2020-08-03 03:42:08,154458656
2020-08-03 03:42:18,162957160
2020-08-03 03:42:28,142088496
2020-08-03 03:42:38,63954776
2020-08-03 03:42:48,57759040
2020-08-03 03:42:58,119165808
2020-08-03 03:43:08,77176152
2020-08-03 03:43:18,86896632
2020-08-03 03:43:28,74156944
2020-08-03 03:43:38,97476520
2020-08-03 03:43:48,109753096
2020-08-03 03:43:58,89492288
2020-08-03 03:44:08,61236240
2020-08-03 03:44:18,72308968
2020-08-03 03:44:28,68231144
2020-08-03 03:44:38,119877760
2020-08-03 03:44:48,88495392
2020-08-03 03:44:58,89061360
2020-08-03 03:45:08,102139832
2020-08-03 03:45:18,110880816
2020-08-03 03:45:28,104154352
2020-08-03 03:45:38,63255240
2020-08-03 03:45:48,71796992
2020-08-03 03:45:58,117280400
2020-08-03 03:46:08,95683592
2020-08-03 03:46:18,63248808
2020-08-03 03:46:29,99277624
2020-08-03 03:46:39,119395416
2020-08-03 03:46:49,129204072
2020-08-03 03:46:59,58555728
2020-08-03 03:47:09,59929280
2020-08-03 03:47:19,69491144
2020-08-03 03:47:29,60121000
2020-08-03 03:47:39,70594128
2020-08-03 03:47:49,84414840
2020-08-03 03:47:59,127926520
2020-08-03 03:48:09,61328704
2020-08-03 03:48:19,72818384
2020-08-03 03:48:29,119261464
2020-08-03 03:48:39,119669712
2020-08-03 03:48:49,70941488
2020-08-03 03:48:59,120888664
2020-08-03 03:49:09,63277184
2020-08-03 03:49:19,74474696
2020-08-03 03:49:29,113649832
2020-08-03 03:49:39,65285040
2020-08-03 03:49:49,75740248
2020-08-03 03:49:59,70344824
2020-08-03 03:50:09,84443048
2020-08-03 03:50:19,93133968
2020-08-03 03:50:29,58413224
2020-08-03 03:50:39,100542280
2020-08-03 03:50:49,107264680
2020-08-03 03:50:59,82926168
2020-08-03 03:51:09,100464560
2020-08-03 03:51:19,111801816
2020-08-03 03:51:29,74948432
2020-08-03 03:51:39,55564856
2020-08-03 03:51:49,92679912
2020-08-03 03:51:59,80067152
2020-08-03 03:52:09,91542616
2020-08-03 03:52:19,61527360
2020-08-03 03:52:29,69165512
2020-08-03 03:52:39,129920736
2020-08-03 03:52:49,110336872
2020-08-03 03:52:59,116811616
2020-08-03 03:53:09,86195696
2020-08-03 03:53:19,123692856
2020-08-03 03:53:29,59823952
2020-08-03 03:53:39,61175696
2020-08-03 03:53:49,69832272
2020-08-03 03:53:59,114381472
2020-08-03 03:54:09,90564048
2020-08-03 03:54:19,64198600
2020-08-03 03:54:29,62032824
2020-08-03 03:54:39,106404416
2020-08-03 03:54:49,117812728
2020-08-03 03:54:59,85781744
2020-08-03 03:55:09,62299960
2020-08-03 03:55:19,73691976
2020-08-03 03:55:29,105573992
2020-08-03 03:55:39,106931664
2020-08-03 03:55:49,120009272
2020-08-03 03:55:59,99146368
2020-08-03 03:56:09,139237200
2020-08-03 03:56:19,58582056
2020-08-03 03:56:29,117335752
2020-08-03 03:56:39,87138728
2020-08-03 03:56:49,106527712
2020-08-03 03:56:59,79377608
2020-08-03 03:57:09,138033496
2020-08-03 03:57:19,104286920
2020-08-03 03:57:30,147438088
2020-08-03 03:57:40,134164672
2020-08-03 03:57:50,117900008
2020-08-03 03:58:00,127701128
2020-08-03 03:58:10,97578120
2020-08-03 03:58:20,65283680
2020-08-03 03:58:30,129406192
2020-08-03 03:58:40,136422592
2020-08-03 03:58:50,58553072
2020-08-03 03:59:00,95750648
2020-08-03 03:59:10,116113288
2020-08-03 03:59:20,128958520
2020-08-03 03:59:30,102623616
2020-08-03 03:59:40,119047408
2020-08-03 03:59:50,137841840
2020-08-03 04:00:00,119001384
2020-08-03 04:00:10,131126368
2020-08-03 04:00:20,140600584
2020-08-03 04:00:30,141944744
2020-08-03 04:00:40,143287080
2020-08-03 04:00:50,67672968
2020-08-03 04:01:00,126530432
2020-08-03 04:01:10,107537904
2020-08-03 04:01:20,137893256
2020-08-03 04:01:30,134425776
2020-08-03 04:01:40,86310688
2020-08-03 04:01:50,134229552
2020-08-03 04:02:00,103389448
2020-08-03 04:02:10,79950472
2020-08-03 04:02:20,58674888
2020-08-03 04:02:30,87303608
2020-08-03 04:02:40,73725952
2020-08-03 04:02:50,130158712
2020-08-03 04:03:00,136657544
2020-08-03 04:03:10,62164304
2020-08-03 04:03:20,83550464
2020-08-03 04:03:30,65686152
2020-08-03 04:03:40,90209344
2020-08-03 04:03:50,116673200
2020-08-03 04:04:00,79751944
2020-08-03 04:04:10,91126344
2020-08-03 04:04:20,101534000
2020-08-03 04:04:30,67437152
2020-08-03 04:04:40,87068952
2020-08-03 04:04:50,97794840
2020-08-03 04:05:00,140759008
2020-08-03 04:05:10,99134936
2020-08-03 04:05:20,75064712
2020-08-03 04:05:30,84371144
2020-08-03 04:05:40,113566000
2020-08-03 04:05:50,126348568
2020-08-03 04:06:00,100032232
2020-08-03 04:06:10,67831688
2020-08-03 04:06:20,124361808
2020-08-03 04:06:30,96851016
2020-08-03 04:06:40,103671488
2020-08-03 04:06:50,119490840
2020-08-03 04:07:00,77808920
2020-08-03 04:07:10,86618648
2020-08-03 04:07:20,112765000
2020-08-03 04:07:30,84150056
2020-08-03 04:07:40,130765032
2020-08-03 04:07:50,142954912
2020-08-03 04:08:00,103111808
2020-08-03 04:08:10,89728296
2020-08-03 04:08:21,154287416
2020-08-03 04:08:31,127279376
2020-08-03 04:08:41,128648016
2020-08-03 04:08:51,143761032
2020-08-03 04:09:01,107232912
2020-08-03 04:09:11,66818864
2020-08-03 04:09:21,109186920
2020-08-03 04:09:31,73304616
2020-08-03 04:09:41,137526360
2020-08-03 04:09:51,99846208
2020-08-03 04:10:01,98404424
2020-08-03 04:10:11,137458352
2020-08-03 04:10:21,70171152
2020-08-03 04:10:31,123451664
2020-08-03 04:10:41,102836488
2020-08-03 04:10:51,88978784
2020-08-03 04:11:01,91328432
2020-08-03 04:11:11,152127632
2020-08-03 04:11:21,110971352
2020-08-03 04:11:31,110595960
2020-08-03 04:11:41,139554112
2020-08-03 04:11:51,152919168
2020-08-03 04:12:01,75254448
2020-08-03 04:12:11,84351464
2020-08-03 04:12:21,97662296
2020-08-03 04:12:31,144311920
2020-08-03 04:12:41,81304496
2020-08-03 04:12:51,91759832
2020-08-03 04:13:01,141509512
2020-08-03 04:13:11,63510672
2020-08-03 04:13:21,90832136
2020-08-03 04:13:31,122160184
2020-08-03 04:13:41,130474032
2020-08-03 04:13:51,143302744
2020-08-03 04:14:01,100727368
2020-08-03 04:14:11,72765192
2020-08-03 04:14:21,134510624
2020-08-03 04:14:31,123908552
2020-08-03 04:14:41,136904584
2020-08-03 04:14:51,155764752
2020-08-03 04:15:01,107594120
2020-08-03 04:15:11,74507800
2020-08-03 04:15:21,112893000
2020-08-03 04:15:31,82078368
2020-08-03 04:15:41,145247696
2020-08-03 04:15:51,115988296
2020-08-03 04:16:01,91829816
2020-08-03 04:16:11,96532400
2020-08-03 04:16:21,115587112
2020-08-03 04:16:31,156039568
2020-08-03 04:16:41,88825000
2020-08-03 04:16:51,111050432
2020-08-03 04:17:01,62026360
2020-08-03 04:17:11,120119688
2020-08-03 04:17:21,76440760
2020-08-03 04:17:31,159979392
2020-08-03 04:17:41,105754696
2020-08-03 04:17:51,132800376
2020-08-03 04:18:01,59554536
2020-08-03 04:18:11,60970360
2020-08-03 04:18:21,70978744
2020-08-03 04:18:31,72375208
2020-08-03 04:18:41,73732728
2020-08-03 04:18:51,88751336
2020-08-03 04:19:01,133916240
2020-08-03 04:19:11,149788744
2020-08-03 04:19:22,89792136
2020-08-03 04:19:32,143490856
2020-08-03 04:19:42,100831984
2020-08-03 04:19:52,135689768
2020-08-03 04:20:02,92081992
2020-08-03 04:20:12,97527440
2020-08-03 04:20:22,109034080
2020-08-03 04:20:32,162203936
2020-08-03 04:20:42,164458032
2020-08-03 04:20:52,85041416
2020-08-03 04:21:02,131108552
2020-08-03 04:21:12,96482480
2020-08-03 04:21:22,74898528
2020-08-03 04:21:32,129215952
2020-08-03 04:21:42,79536728
2020-08-03 04:21:52,134591384
2020-08-03 04:22:02,75395432
2020-08-03 04:22:12,141390424
2020-08-03 04:22:22,117534296
2020-08-03 04:22:32,150862568
2020-08-03 04:22:42,152209368
2020-08-03 04:22:52,77358560
2020-08-03 04:23:02,93700536
2020-08-03 04:23:12,95063608
2020-08-03 04:23:22,129584048
2020-08-03 04:23:32,82942320
2020-08-03 04:23:42,117359496
2020-08-03 04:23:52,85345864
2020-08-03 04:24:02,122813824
2020-08-03 04:24:12,124594936
2020-08-03 04:24:22,141647344
2020-08-03 04:24:32,102145560
2020-08-03 04:24:42,139273592
2020-08-03 04:24:52,109725168
2020-08-03 04:25:02,93365448
2020-08-03 04:25:12,150661424
2020-08-03 04:25:22,110540384
2020-08-03 04:25:32,89680016
2020-08-03 04:25:42,121274176
2020-08-03 04:25:52,136660984
2020-08-03 04:26:02,70926592
2020-08-03 04:26:12,87362584
2020-08-03 04:26:22,104243080
2020-08-03 04:26:32,161216824
2020-08-03 04:26:42,103826848
2020-08-03 04:26:52,84222712
2020-08-03 04:27:02,87656376
2020-08-03 04:27:12,165536024
2020-08-03 04:27:22,144576896
2020-08-03 04:27:32,126764328
2020-08-03 04:27:42,88328800
2020-08-03 04:27:52,164725896
2020-08-03 04:28:02,169425736
2020-08-03 04:28:12,77659968
2020-08-03 04:28:22,126779808
2020-08-03 04:28:32,156606688
2020-08-03 04:28:42,167489384
2020-08-03 04:28:52,178732432
2020-08-03 04:29:02,143083176
2020-08-03 04:29:12,84956464
2020-08-03 04:29:22,149211032
2020-08-03 04:29:32,106950840
2020-08-03 04:29:42,142026640
2020-08-03 04:29:52,160837632
2020-08-03 04:30:02,115423160
2020-08-03 04:30:12,162743856
2020-08-03 04:30:23,109282328
2020-08-03 04:30:33,97504336
2020-08-03 04:30:43,144419584
2020-08-03 04:30:53,95459664
2020-08-03 04:31:03,117374584
2020-08-03 04:31:13,118732416
2020-08-03 04:31:23,148701704
2020-08-03 04:31:33,187399176
2020-08-03 04:31:43,103188664
2020-08-03 04:31:53,163003768
2020-08-03 04:32:03,102589448
2020-08-03 04:32:13,146186712
2020-08-03 04:32:23,129787560
2020-08-03 04:32:33,89415944
2020-08-03 04:32:43,145298032
2020-08-03 04:32:53,165969952
2020-08-03 04:33:03,96787128
2020-08-03 04:33:13,168309592
2020-08-03 04:33:23,86821368
2020-08-03 04:33:33,88916784
2020-08-03 04:33:43,90315864
2020-08-03 04:33:53,108604528
2020-08-03 04:34:03,125086032
2020-08-03 04:34:13,126412720
2020-08-03 04:34:23,160809456
2020-08-03 04:34:33,105917432
2020-08-03 04:34:43,151433936
2020-08-03 04:34:53,184304816
2020-08-03 04:35:03,143938616
2020-08-03 04:35:13,185051528
2020-08-03 04:35:23,96219936
2020-08-03 04:35:33,157802504
2020-08-03 04:35:43,114547152
2020-08-03 04:35:53,152298000
2020-08-03 04:36:03,86612472
2020-08-03 04:36:13,132648808
2020-08-03 04:36:23,187246488
2020-08-03 04:36:33,158418136
2020-08-03 04:36:43,98154224
2020-08-03 04:36:53,129838688
2020-08-03 04:37:03,172746784
2020-08-03 04:37:13,174098208
2020-08-03 04:37:23,188909648
2020-08-03 04:37:33,131945784
2020-08-03 04:37:43,184366352
2020-08-03 04:37:53,125087752
2020-08-03 04:38:03,144071104
2020-08-03 04:38:13,153921120
2020-08-03 04:38:23,174217064
2020-08-03 04:38:33,175551312
2020-08-03 04:38:43,176887160
2020-08-03 04:38:53,201263440
2020-08-03 04:39:03,146116792
2020-08-03 04:39:13,195148920
2020-08-03 04:39:23,107925608
2020-08-03 04:39:33,177165360
2020-08-03 04:39:43,127169672
2020-08-03 04:39:53,175662456
2020-08-03 04:40:03,139389408
2020-08-03 04:40:13,153718056
2020-08-03 04:40:23,170994464
2020-08-03 04:40:33,84005104
2020-08-03 04:40:43,114256744
2020-08-03 04:40:53,157559320
2020-08-03 04:41:03,174371920
2020-08-03 04:41:13,175746328
2020-08-03 04:41:24,93292472
2020-08-03 04:41:34,155902752
2020-08-03 04:41:44,197211552
2020-08-03 04:41:54,108896064
2020-08-03 04:42:04,136752512
2020-08-03 04:42:14,138086624
2020-08-03 04:42:24,166250896
2020-08-03 04:42:34,74620208
2020-08-03 04:42:44,77728376
2020-08-03 04:42:54,120972688
2020-08-03 04:43:04,163700736
2020-08-03 04:43:14,115474320
2020-08-03 04:43:24,181186792
2020-08-03 04:43:34,108144432
2020-08-03 04:43:44,117462080
2020-08-03 04:43:54,130114528
2020-08-03 04:44:04,131487080
2020-08-03 04:44:14,132866416
2020-08-03 04:44:24,148557768
2020-08-03 04:44:34,168549024
2020-08-03 04:44:44,169929480
2020-08-03 04:44:54,97318640
2020-08-03 04:45:04,137259072
2020-08-03 04:45:14,166318624
2020-08-03 04:45:24,203399880
2020-08-03 04:45:34,156806464
2020-08-03 04:45:44,86559752
2020-08-03 04:45:54,131356888
2020-08-03 04:46:04,187665368
2020-08-03 04:46:14,106316192
2020-08-03 04:46:24,165369888
2020-08-03 04:46:34,108322264
2020-08-03 04:46:44,162596848
2020-08-03 04:46:54,101217616
2020-08-03 04:47:04,162982704
2020-08-03 04:47:14,117735200
2020-08-03 04:47:24,173584672
2020-08-03 04:47:34,121518128
2020-08-03 04:47:44,184741936
2020-08-03 04:47:54,119620376
2020-08-03 04:48:04,130226128
2020-08-03 04:48:14,131597984
2020-08-03 04:48:24,147932576
2020-08-03 04:48:34,108409480
2020-08-03 04:48:44,138278352
2020-08-03 04:48:54,188231184
2020-08-03 04:49:04,136839992
2020-08-03 04:49:14,189033672
2020-08-03 04:49:24,111740680
2020-08-03 04:49:34,174871912
2020-08-03 04:49:44,108801752
2020-08-03 04:49:54,172600480
2020-08-03 04:50:04,109006128
2020-08-03 04:50:14,118353216
2020-08-03 04:50:24,130560024
2020-08-03 04:50:34,186254992
2020-08-03 04:50:44,90840144
2020-08-03 04:50:54,130787216
2020-08-03 04:51:04,195093704
2020-08-03 04:51:14,119024904
2020-08-03 04:51:24,166691144
2020-08-03 04:51:34,110625704
2020-08-03 04:51:44,179914664
2020-08-03 04:51:54,107390848
2020-08-03 04:52:04,192730592
2020-08-03 04:52:15,121162992
2020-08-03 04:52:25,177638936
2020-08-03 04:52:35,90756056
2020-08-03 04:52:45,100741616
2020-08-03 04:52:55,123632552
2020-08-03 04:53:05,158512456
2020-08-03 04:53:15,201367520
2020-08-03 04:53:25,142945304
2020-08-03 04:53:35,184334440
2020-08-03 04:53:45,85263784
2020-08-03 04:53:55,129389880
2020-08-03 04:54:05,188181520
2020-08-03 04:54:15,94855440
2020-08-03 04:54:25,135804624
2020-08-03 04:54:35,199648472
2020-08-03 04:54:45,88451864
2020-08-03 04:54:55,121002384
2020-08-03 04:55:05,174067528
2020-08-03 04:55:15,98035488
2020-08-03 04:55:25,154889528
2020-08-03 04:55:35,85809392
2020-08-03 04:55:45,138238440
2020-08-03 04:55:55,142966496
2020-08-03 04:56:05,144310720
2020-08-03 04:56:15,146850912
2020-08-03 04:56:25,194203688
2020-08-03 04:56:35,130366480
2020-08-03 04:56:45,157954208
2020-08-03 04:56:55,169037880
2020-08-03 04:57:05,97152216
2020-08-03 04:57:15,148305384
2020-08-03 04:57:25,116179400
2020-08-03 04:57:35,188314312
2020-08-03 04:57:45,100002120
2020-08-03 04:57:55,143854424
2020-08-03 04:58:05,145239656
2020-08-03 04:58:15,148660032
2020-08-03 04:58:25,171483528
2020-08-03 04:58:35,184248408
2020-08-03 04:58:45,196178864
2020-08-03 04:58:55,112186784
2020-08-03 04:59:05,154655248
2020-08-03 04:59:15,202569296
2020-08-03 04:59:25,135341368
2020-08-03 04:59:35,87790224
2020-08-03 04:59:45,125470840
2020-08-03 04:59:55,147521296
2020-08-03 05:00:05,180006888
2020-08-03 05:00:15,91216744
2020-08-03 05:00:25,134066776
2020-08-03 05:00:35,192026696
2020-08-03 05:00:45,110243000
2020-08-03 05:00:55,166334152
2020-08-03 05:01:05,123845608
2020-08-03 05:01:15,173747936
2020-08-03 05:01:25,93902992
2020-08-03 05:01:35,102363512
2020-08-03 05:01:45,113390024
2020-08-03 05:01:55,145255048
2020-08-03 05:02:05,181577760
2020-08-03 05:02:15,98763992
2020-08-03 05:02:25,151281448
2020-08-03 05:02:35,186865808
2020-08-03 05:02:45,198106736
2020-08-03 05:02:55,92238576
2020-08-03 05:03:05,157674816
2020-08-03 05:03:16,195914872
2020-08-03 05:03:26,115984160
2020-08-03 05:03:36,172199408
2020-08-03 05:03:46,174769776
2020-08-03 05:03:56,192229384
2020-08-03 05:04:06,222912512
2020-08-03 05:04:16,99848016
2020-08-03 05:04:26,125768736
2020-08-03 05:04:36,165699040
2020-08-03 05:04:46,169535592
2020-08-03 05:04:56,96534648
2020-08-03 05:05:06,147879192
2020-08-03 05:05:16,179411288
2020-08-03 05:05:26,92804728
2020-08-03 05:05:36,125467088
2020-08-03 05:05:46,129065808
2020-08-03 05:05:56,179683744
2020-08-03 05:06:06,96563904
2020-08-03 05:06:16,154359448
2020-08-03 05:06:26,88692504
2020-08-03 05:06:36,103983240
2020-08-03 05:06:46,125348240
2020-08-03 05:06:56,169936536
2020-08-03 05:07:06,211665344
2020-08-03 05:07:16,155656240
2020-08-03 05:07:26,199928352
2020-08-03 05:07:36,159492960
2020-08-03 05:07:46,109205624
2020-08-03 05:07:56,172024904
2020-08-03 05:08:06,102103688
2020-08-03 05:08:16,108744208
2020-08-03 05:08:26,126331232
2020-08-03 05:08:36,137793008
2020-08-03 05:08:46,142817704
2020-08-03 05:08:56,156509024
2020-08-03 05:09:06,157842680
2020-08-03 05:09:16,163298360
2020-08-03 05:09:26,176803528
2020-08-03 05:09:36,89053600
2020-08-03 05:09:46,98617176
2020-08-03 05:09:56,135360920
2020-08-03 05:10:06,179681864
2020-08-03 05:10:16,108913520
2020-08-03 05:10:26,160355632
2020-08-03 05:10:36,107416616
2020-08-03 05:10:46,152755008
2020-08-03 05:10:56,219648736
2020-08-03 05:11:06,166538232
2020-08-03 05:11:16,96675288
2020-08-03 05:11:26,162092792
2020-08-03 05:11:36,196313952
2020-08-03 05:11:46,95630312
2020-08-03 05:11:56,167115432
2020-08-03 05:12:06,120514712
2020-08-03 05:12:16,189984848
2020-08-03 05:12:26,92002088
2020-08-03 05:12:36,93369016
2020-08-03 05:12:46,98114704
2020-08-03 05:12:56,149354216
2020-08-03 05:13:06,195641352
2020-08-03 05:13:16,129259264
2020-08-03 05:13:26,191026224
2020-08-03 05:13:36,150703472
2020-08-03 05:13:46,216832912
2020-08-03 05:13:56,118178336
2020-08-03 05:14:06,198389832
2020-08-03 05:14:17,126133840
2020-08-03 05:14:27,200085248
2020-08-03 05:14:37,131054112
2020-08-03 05:14:47,170592400
2020-08-03 05:14:57,205298808
2020-08-03 05:15:07,131787392
2020-08-03 05:15:17,190797440
2020-08-03 05:15:27,111872984
2020-08-03 05:15:37,177880960
2020-08-03 05:15:47,112309824
2020-08-03 05:15:57,156418632
2020-08-03 05:16:07,93745984
2020-08-03 05:16:17,167904704
2020-08-03 05:16:27,99750408
2020-08-03 05:16:37,120937688
2020-08-03 05:16:47,126061096
2020-08-03 05:16:57,171466680
2020-08-03 05:17:07,196756552
2020-08-03 05:17:17,121289952
2020-08-03 05:17:27,180466832
2020-08-03 05:17:37,204680192
2020-08-03 05:17:47,210036536
2020-08-03 05:17:57,100704392
2020-08-03 05:18:07,147025816
2020-08-03 05:18:17,191990696
2020-08-03 05:18:27,138550544
2020-08-03 05:18:37,179932192
2020-08-03 05:18:47,227141224
2020-08-03 05:18:57,167143480
2020-08-03 05:19:07,216846848
2020-08-03 05:19:17,133280152
2020-08-03 05:19:27,103796208
2020-08-03 05:19:37,192572112
2020-08-03 05:19:47,121524656
2020-08-03 05:19:57,198287304
2020-08-03 05:20:07,128443888
2020-08-03 05:20:17,192058568
2020-08-03 05:20:27,150934232
2020-08-03 05:20:37,184549656
2020-08-03 05:20:47,200675568
2020-08-03 05:20:57,139057088
2020-08-03 05:21:07,205089056
2020-08-03 05:21:17,140134712
2020-08-03 05:21:27,112526920
2020-08-03 05:21:37,116650128
2020-08-03 05:21:47,211989992
2020-08-03 05:21:57,129473464
2020-08-03 05:22:07,167541392
2020-08-03 05:22:17,196835624
2020-08-03 05:22:27,149713600
2020-08-03 05:22:37,120629544
2020-08-03 05:22:47,203051672
2020-08-03 05:22:57,139073928
2020-08-03 05:23:07,196855664
2020-08-03 05:23:17,154366544
2020-08-03 05:23:27,93003000
2020-08-03 05:23:37,131761552
2020-08-03 05:23:47,176901840
2020-08-03 05:23:57,107489016
2020-08-03 05:24:07,140938384
2020-08-03 05:24:17,178221608
2020-08-03 05:24:27,122293816
2020-08-03 05:24:37,205507728
2020-08-03 05:24:47,200095776
2020-08-03 05:24:57,178345032
2020-08-03 05:25:08,161625872
2020-08-03 05:25:18,103373936
2020-08-03 05:25:28,191725672
2020-08-03 05:25:38,158144616
2020-08-03 05:25:48,92753984
2020-08-03 05:25:58,189716048
2020-08-03 05:26:08,131971560
2020-08-03 05:26:18,178941352
2020-08-03 05:26:28,105313328
2020-08-03 05:26:38,169400144
2020-08-03 05:26:48,117089000
2020-08-03 05:26:58,193924752
2020-08-03 05:27:08,95242936
2020-08-03 05:27:18,103173600
2020-08-03 05:27:28,152025248
2020-08-03 05:27:38,166815992
2020-08-03 05:27:48,177593344
2020-08-03 05:27:58,111852344
2020-08-03 05:28:08,173605288
2020-08-03 05:28:18,209823456
2020-08-03 05:28:28,153832336
2020-08-03 05:28:38,213632424
2020-08-03 05:28:48,127686280
2020-08-03 05:28:58,112574832
2020-08-03 05:29:08,186786704
2020-08-03 05:29:18,102194680
2020-08-03 05:29:28,170533368
2020-08-03 05:29:38,102650416
2020-08-03 05:29:48,150847392
2020-08-03 05:29:58,112238104
2020-08-03 05:30:08,160034600
2020-08-03 05:30:18,175122192
2020-08-03 05:30:28,97067472
2020-08-03 05:30:38,160438504
2020-08-03 05:30:48,101842528
2020-08-03 05:30:58,169391936
2020-08-03 05:31:08,100889840
2020-08-03 05:31:18,148229392
2020-08-03 05:31:28,111198880
2020-08-03 05:31:38,214015024
2020-08-03 05:31:48,147184984
2020-08-03 05:31:58,130474160
2020-08-03 05:32:08,211412656
2020-08-03 05:32:18,173638520
2020-08-03 05:32:28,145754224
2020-08-03 05:32:38,130823384
2020-08-03 05:32:48,219550240
2020-08-03 05:32:58,178966016
2020-08-03 05:33:08,183148160
2020-08-03 05:33:18,199356080
2020-08-03 05:33:28,133535032
2020-08-03 05:33:38,176505464
2020-08-03 05:33:48,188438312
2020-08-03 05:33:58,108435224
2020-08-03 05:34:08,109750280
2020-08-03 05:34:18,119861656
2020-08-03 05:34:28,166923856
2020-08-03 05:34:38,124199896
2020-08-03 05:34:48,190316720
2020-08-03 05:34:58,188751888
2020-08-03 05:35:08,216497872
2020-08-03 05:35:18,158570072
2020-08-03 05:35:28,159939656
2020-08-03 05:35:38,161249440
2020-08-03 05:35:48,171469552
2020-08-03 05:35:58,214117960
2020-08-03 05:36:09,184503376
2020-08-03 05:36:19,149855336
2020-08-03 05:36:29,134146440
2020-08-03 05:36:39,214094112
2020-08-03 05:36:49,174581088
2020-08-03 05:36:59,180543296
2020-08-03 05:37:09,175426496
2020-08-03 05:37:19,117455464
2020-08-03 05:37:29,182467120
2020-08-03 05:37:39,138502408
2020-08-03 05:37:49,200056856
2020-08-03 05:37:59,212985928
2020-08-03 05:38:09,201387872
2020-08-03 05:38:19,163968280
2020-08-03 05:38:29,178358912
2020-08-03 05:38:39,131643216
2020-08-03 05:38:49,176713096
2020-08-03 05:38:59,153979640
2020-08-03 05:39:09,174059560
2020-08-03 05:39:19,200773096
2020-08-03 05:39:29,183825008
2020-08-03 05:39:39,128672696
2020-08-03 05:39:49,177561208
2020-08-03 05:39:59,162186960
2020-08-03 05:40:09,128379976
2020-08-03 05:40:19,214764464
2020-08-03 05:40:29,196627520
2020-08-03 05:40:39,147362632
2020-08-03 05:40:49,161479760
2020-08-03 05:40:59,219112624
2020-08-03 05:41:09,209197712
2020-08-03 05:41:19,168809520
2020-08-03 05:41:29,142050144
2020-08-03 05:41:39,171742976
2020-08-03 05:41:49,179631416
2020-08-03 05:41:59,181268480
2020-08-03 05:42:09,182598664
2020-08-03 05:42:19,193777944
2020-08-03 05:42:29,134711952
2020-08-03 05:42:39,198100896
2020-08-03 05:42:49,163674184
2020-08-03 05:42:59,148995424
2020-08-03 05:43:09,234325464
2020-08-03 05:43:19,153166240
2020-08-03 05:43:29,209452152
2020-08-03 05:43:39,210788864
2020-08-03 05:43:49,219131624
2020-08-03 05:43:59,168151680
2020-08-03 05:44:09,144710976
2020-08-03 05:44:19,222324216
2020-08-03 05:44:29,201273112
2020-08-03 05:44:39,198129344
2020-08-03 05:44:49,167084944
2020-08-03 05:44:59,164837752
2020-08-03 05:45:09,230561408
2020-08-03 05:45:19,113547904
2020-08-03 05:45:29,156325728
2020-08-03 05:45:39,216635808
2020-08-03 05:45:49,155720200
2020-08-03 05:45:59,176792784
2020-08-03 05:46:09,178155632
2020-08-03 05:46:19,187256968
2020-08-03 05:46:29,135008144
2020-08-03 05:46:39,192494584
2020-08-03 05:46:49,125397352
2020-08-03 05:46:59,170365560
2020-08-03 05:47:10,191408728
2020-08-03 05:47:20,199673656
2020-08-03 05:47:30,126639616
2020-08-03 05:47:40,158801784
2020-08-03 05:47:50,169811992
2020-08-03 05:48:00,216829880
2020-08-03 05:48:10,218164848
2020-08-03 05:48:20,231284952
2020-08-03 05:48:30,166863456
2020-08-03 05:48:40,203430256
2020-08-03 05:48:50,223383592
2020-08-03 05:49:00,160021784
2020-08-03 05:49:10,216118072
2020-08-03 05:49:20,183808792
2020-08-03 05:49:30,138163200
2020-08-03 05:49:40,189304016
2020-08-03 05:49:50,224426192
2020-08-03 05:50:00,163216848
2020-08-03 05:50:10,209750760
2020-08-03 05:50:20,144028176
2020-08-03 05:50:30,221247232
2020-08-03 05:50:40,164023704
2020-08-03 05:50:50,226445168
2020-08-03 05:51:00,217909232
2020-08-03 05:51:10,182264128
2020-08-03 05:51:20,219004616
2020-08-03 05:51:30,168036104
2020-08-03 05:51:40,217549616
2020-08-03 05:51:50,167069592
2020-08-03 05:52:00,121583736
2020-08-03 05:52:10,175144256
2020-08-03 05:52:20,196439744
2020-08-03 05:52:30,155967064
2020-08-03 05:52:40,226154264
2020-08-03 05:52:50,129205928
2020-08-03 05:53:00,125625808
2020-08-03 05:53:10,193782936
2020-08-03 05:53:20,218718048
2020-08-03 05:53:30,150175632
2020-08-03 05:53:40,180188848
2020-08-03 05:53:50,121051272
2020-08-03 05:54:00,195874056
2020-08-03 05:54:10,119757544
2020-08-03 05:54:20,149155616
2020-08-03 05:54:30,204371144
2020-08-03 05:54:40,154290720
2020-08-03 05:54:50,204570624
2020-08-03 05:55:00,180337968
2020-08-03 05:55:10,129305072
2020-08-03 05:55:20,172909504
2020-08-03 05:55:30,229999072
2020-08-03 05:55:40,172097600
2020-08-03 05:55:50,119147480
2020-08-03 05:56:00,213623960
2020-08-03 05:56:10,176424176
2020-08-03 05:56:20,132073248
2020-08-03 05:56:30,240160752
2020-08-03 05:56:40,151003560
2020-08-03 05:56:50,175825072
2020-08-03 05:57:00,238755224
2020-08-03 05:57:10,181361568
2020-08-03 05:57:20,223879648
2020-08-03 05:57:30,213061880
2020-08-03 05:57:40,189814400
2020-08-03 05:57:50,141546864
2020-08-03 05:58:00,229236304
2020-08-03 05:58:11,188922416
2020-08-03 05:58:21,241190200
2020-08-03 05:58:31,200501424
2020-08-03 05:58:41,126570960
2020-08-03 05:58:51,199980776
2020-08-03 05:59:01,196390184
2020-08-03 05:59:11,159215112
2020-08-03 05:59:21,131256816
2020-08-03 05:59:31,210406792
2020-08-03 05:59:41,134711328
2020-08-03 05:59:51,171509640
2020-08-03 06:00:01,172873440
2020-08-03 06:00:11,174239424
2020-08-03 06:00:21,188299816
2020-08-03 06:00:31,112853720
2020-08-03 06:00:41,165467376
2020-08-03 06:00:51,222200592
2020-08-03 06:01:01,208835760
2020-08-03 06:01:11,163095976
2020-08-03 06:01:21,212441920
2020-08-03 06:01:31,162001296
2020-08-03 06:01:41,204751768
2020-08-03 06:01:51,145467896
2020-08-03 06:02:01,123626720
2020-08-03 06:02:11,205088616
2020-08-03 06:02:21,131227760
2020-08-03 06:02:31,206674224
2020-08-03 06:02:41,167367240
2020-08-03 06:02:51,229895168
2020-08-03 06:03:01,185803944
2020-08-03 06:03:11,140612608
2020-08-03 06:03:21,182320056
2020-08-03 06:03:31,149782712
2020-08-03 06:03:41,199211072
2020-08-03 06:03:51,134669656
2020-08-03 06:04:01,225933808
2020-08-03 06:04:11,139680728
2020-08-03 06:04:21,213522664
2020-08-03 06:04:31,171271280
2020-08-03 06:04:41,223028352
2020-08-03 06:04:51,213170408
2020-08-03 06:05:01,143283136
2020-08-03 06:05:11,166696136
2020-08-03 06:05:21,158720584
2020-08-03 06:05:31,234019744
2020-08-03 06:05:41,152253104
2020-08-03 06:05:51,226684192
2020-08-03 06:06:01,149552616
2020-08-03 06:06:11,147058112
2020-08-03 06:06:21,222707640
2020-08-03 06:06:31,124465088
2020-08-03 06:06:41,161940104
2020-08-03 06:06:51,190817552
2020-08-03 06:07:01,138722112
2020-08-03 06:07:11,204878328
2020-08-03 06:07:21,175064912
2020-08-03 06:07:31,159276008
2020-08-03 06:07:41,139414864
2020-08-03 06:07:51,187896520
2020-08-03 06:08:01,164055320
2020-08-03 06:08:11,208894464
2020-08-03 06:08:21,159435464
2020-08-03 06:08:31,131813856
2020-08-03 06:08:41,205761032
2020-08-03 06:08:51,171902416
2020-08-03 06:09:02,153080960
2020-08-03 06:09:12,176292184
2020-08-03 06:09:22,188627128
2020-08-03 06:09:32,120846368
2020-08-03 06:09:42,122937848
2020-08-03 06:09:52,131782608
2020-08-03 06:10:02,191857896
2020-08-03 06:10:12,159201792
2020-08-03 06:10:22,212025472
2020-08-03 06:10:32,213388432
2020-08-03 06:10:42,177701440
2020-08-03 06:10:52,130727752
2020-08-03 06:11:02,160396560
2020-08-03 06:11:12,221780544
2020-08-03 06:11:22,147151928
2020-08-03 06:11:32,171226904
2020-08-03 06:11:42,207568376
2020-08-03 06:11:52,177176280
2020-08-03 06:12:02,193215416
2020-08-03 06:12:12,214921216
2020-08-03 06:12:22,195505200
2020-08-03 06:12:32,240445912
2020-08-03 06:12:42,191371160
2020-08-03 06:12:52,145653328
2020-08-03 06:13:02,184670680
2020-08-03 06:13:12,183626296
2020-08-03 06:13:22,228872528
2020-08-03 06:13:32,157946232
2020-08-03 06:13:42,199791128
2020-08-03 06:13:52,147710232
2020-08-03 06:14:02,197010152
2020-08-03 06:14:12,222646696
2020-08-03 06:14:22,145025880
2020-08-03 06:14:32,185031128
2020-08-03 06:14:42,241412056
2020-08-03 06:14:52,186661144
2020-08-03 06:15:02,172047248
2020-08-03 06:15:12,222088568
2020-08-03 06:15:22,216062848
2020-08-03 06:15:32,173758584
2020-08-03 06:15:42,144137848
2020-08-03 06:15:52,231155872
2020-08-03 06:16:02,225192744
2020-08-03 06:16:12,203660232
2020-08-03 06:16:22,170007544
2020-08-03 06:16:32,236680872
2020-08-03 06:16:42,195464008
2020-08-03 06:16:52,228117136
2020-08-03 06:17:02,166669512
2020-08-03 06:17:12,188346896
2020-08-03 06:17:22,205542616
2020-08-03 06:17:32,169717472
2020-08-03 06:17:42,197263800
2020-08-03 06:17:52,148681776
2020-08-03 06:18:02,218704592
2020-08-03 06:18:12,129684616
2020-08-03 06:18:22,148357664
2020-08-03 06:18:32,204809600
2020-08-03 06:18:42,181237160
2020-08-03 06:18:52,143613704
2020-08-03 06:19:02,181962616
2020-08-03 06:19:12,225745552
2020-08-03 06:19:22,128687192
2020-08-03 06:19:32,187539800
2020-08-03 06:19:42,220500824
2020-08-03 06:19:52,125578936
2020-08-03 06:20:03,156386152
2020-08-03 06:20:13,157762224
2020-08-03 06:20:23,181633504
2020-08-03 06:20:33,227293072
2020-08-03 06:20:43,165068248
2020-08-03 06:20:53,193566448
2020-08-03 06:21:03,150222528
2020-08-03 06:21:13,186208024
2020-08-03 06:21:23,213848792
2020-08-03 06:21:33,161211048
2020-08-03 06:21:43,200740728
2020-08-03 06:21:53,223176640
2020-08-03 06:22:03,132599640
2020-08-03 06:22:13,133977824
2020-08-03 06:22:23,150289992
2020-08-03 06:22:33,214356184
2020-08-03 06:22:43,134203392
2020-08-03 06:22:53,188844344
2020-08-03 06:23:03,141186136
2020-08-03 06:23:13,166174384
2020-08-03 06:23:23,134459312
2020-08-03 06:23:33,224013896
2020-08-03 06:23:43,208706632
2020-08-03 06:23:53,177059904
2020-08-03 06:24:03,148301696
2020-08-03 06:24:13,232668704
2020-08-03 06:24:23,233851408
2020-08-03 06:24:33,178679712
2020-08-03 06:24:43,218807864
2020-08-03 06:24:53,235652280
2020-08-03 06:25:03,181910784
2020-08-03 06:25:13,204020832
2020-08-03 06:25:23,221498888
2020-08-03 06:25:33,154706248
2020-08-03 06:25:43,211832048
2020-08-03 06:25:53,148875064
2020-08-03 06:26:03,237402904
2020-08-03 06:26:13,202289080
2020-08-03 06:26:23,165353656
2020-08-03 06:26:33,155917928
2020-08-03 06:26:43,187416880
2020-08-03 06:26:53,137527184
2020-08-03 06:27:03,210770576
2020-08-03 06:27:13,233168000
2020-08-03 06:27:23,132790232
2020-08-03 06:27:33,191131072
2020-08-03 06:27:43,153219200
2020-08-03 06:27:53,226197424
2020-08-03 06:28:03,219688208
2020-08-03 06:28:13,158798784
2020-08-03 06:28:23,205051512
2020-08-03 06:28:33,163681488
2020-08-03 06:28:43,213925360
2020-08-03 06:28:53,142698056
2020-08-03 06:29:03,250742176
2020-08-03 06:29:13,203145720
2020-08-03 06:29:23,140483736
2020-08-03 06:29:33,192811944
2020-08-03 06:29:43,165496720
2020-08-03 06:29:53,227127176
2020-08-03 06:30:03,217860048
2020-08-03 06:30:13,254072816
2020-08-03 06:30:23,195165600
2020-08-03 06:30:33,156988000
2020-08-03 06:30:43,211121680
2020-08-03 06:30:53,135856336
2020-08-03 06:31:04,210524432
2020-08-03 06:31:14,164391104
2020-08-03 06:31:24,185835488
2020-08-03 06:31:34,142898256
2020-08-03 06:31:44,183760728
2020-08-03 06:31:54,247343248
2020-08-03 06:32:04,219941176
2020-08-03 06:32:14,175680200
2020-08-03 06:32:24,259669856
2020-08-03 06:32:34,211211944
2020-08-03 06:32:44,158899000
2020-08-03 06:32:54,223185248
2020-08-03 06:33:04,144960416
2020-08-03 06:33:14,183587392
2020-08-03 06:33:24,214756696
2020-08-03 06:33:34,216114056
2020-08-03 06:33:44,217466832
2020-08-03 06:33:54,234228832
2020-08-03 06:34:04,196882168
2020-08-03 06:34:14,230580080
2020-08-03 06:34:24,181618088
2020-08-03 06:34:34,148186720
2020-08-03 06:34:44,173834744
2020-08-03 06:34:54,135667040
2020-08-03 06:35:04,206500608
2020-08-03 06:35:14,244080344
2020-08-03 06:35:24,168258408
2020-08-03 06:35:34,142328128
2020-08-03 06:35:44,171039264
2020-08-03 06:35:54,216236512
2020-08-03 06:36:04,174565768
2020-08-03 06:36:14,241655088
2020-08-03 06:36:24,157409368
2020-08-03 06:36:34,202347928
2020-08-03 06:36:44,138245528
2020-08-03 06:36:54,187402696
2020-08-03 06:37:04,152133384
2020-08-03 06:37:14,225659704
2020-08-03 06:37:24,179094128
2020-08-03 06:37:34,259405784
2020-08-03 06:37:44,221419800
2020-08-03 06:37:54,143594000
2020-08-03 06:38:04,231674928
2020-08-03 06:38:14,150003336
2020-08-03 06:38:24,214749104
2020-08-03 06:38:34,216414264
2020-08-03 06:38:44,148249368
2020-08-03 06:38:54,217193376
2020-08-03 06:39:04,207978648
2020-08-03 06:39:14,142197152
2020-08-03 06:39:24,179875312
2020-08-03 06:39:34,194212200
2020-08-03 06:39:44,254377376
2020-08-03 06:39:54,194133592
2020-08-03 06:40:04,165817432
2020-08-03 06:40:14,243939952
2020-08-03 06:40:24,218179944
2020-08-03 06:40:34,167617200
2020-08-03 06:40:44,175401816
2020-08-03 06:40:54,224834216
2020-08-03 06:41:04,190849576
2020-08-03 06:41:14,152831280
2020-08-03 06:41:24,212260528
2020-08-03 06:41:34,196022264
2020-08-03 06:41:45,166892432
2020-08-03 06:41:55,248501184
2020-08-03 06:42:05,228872976
2020-08-03 06:42:15,212550752
2020-08-03 06:42:25,194700048
2020-08-03 06:42:35,90124432
2020-08-03 06:42:45,115974584
2020-08-03 06:42:55,197220616
2020-08-03 06:43:05,142126464
2020-08-03 06:43:15,121435344
2020-08-03 06:43:25,146572792
2020-08-03 06:43:35,162755616
2020-08-03 06:43:45,158424208
2020-08-03 06:43:55,145124176
2020-08-03 06:44:05,162003328
2020-08-03 06:44:15,141651536
2020-08-03 06:44:25,127337696
2020-08-03 06:44:35,193474808
2020-08-03 06:44:45,167990520
2020-08-03 06:44:55,150729728
2020-08-03 06:45:05,159696928
2020-08-03 06:45:15,125147952
2020-08-03 06:45:25,126505536
2020-08-03 06:45:35,127858768
2020-08-03 06:45:45,129192920
2020-08-03 06:45:55,130588464
2020-08-03 06:46:05,131951264
2020-08-03 06:46:15,133293968
2020-08-03 06:46:25,134651480
2020-08-03 06:46:35,136004712
2020-08-03 06:46:45,137340984
2020-08-03 06:46:55,138694296