Fecha,CPU_Load,Memory_Used,Free_Memory
2020-08-02 23:39:11,2,44.26,1983
2020-08-02 23:39:21,4,44.63,1970
2020-08-02 23:39:31,0,44.45,1978
2020-08-02 23:39:41,0,44.45,1977
2020-08-02 23:39:51,0,44.33,1981
2020-08-02 23:40:01,0,44.37,1980
2020-08-02 23:40:11,0,44.38,1979
2020-08-02 23:40:21,0,44.49,1975
2020-08-02 23:40:31,0,44.5,1974
2020-08-02 23:40:41,0,44.52,1974
2020-08-02 23:40:51,0,44.62,1971
2020-08-02 23:41:01,0,44.61,1971
2020-08-02 23:41:11,0,44.63,1970
2020-08-02 23:41:21,4,44.54,1974
2020-08-02 23:41:31,0,44.54,1973
2020-08-02 23:41:41,0,44.67,1969
2020-08-02 23:41:51,0,44.81,1965
2020-08-02 23:42:01,0,44.79,1964
2020-08-02 23:42:11,0,44.79,1964
2020-08-02 23:42:21,0,44.82,1963
2020-08-02 23:42:31,0,44.22,1985
2020-08-02 23:42:41,0,44.23,1985
2020-08-02 23:42:51,0,44.31,1982
2020-08-02 23:43:01,0,44.4,1979
2020-08-02 23:43:11,0,44.38,1979
2020-08-02 23:43:21,0,44.66,1970
2020-08-02 23:43:31,11,44.84,1963
2020-08-02 23:43:41,0,44.05,1991
2020-08-02 23:43:51,0,44.24,1984
2020-08-02 23:44:01,0,44.24,1984
2020-08-02 23:44:11,0,44.24,1984
2020-08-02 23:44:21,8,43.88,1997
2020-08-02 23:44:31,0,43.9,1997
2020-08-02 23:44:41,0,43.94,1995
2020-08-02 23:44:51,2,44.04,1992
2020-08-02 23:45:01,0,44.05,1992
2020-08-02 23:45:21,0,43.95,1995
2020-08-02 23:45:31,0,43.97,1994
2020-08-02 23:45:41,0,44.06,1991
2020-08-02 23:45:51,2,43.84,1998
2020-08-02 23:46:01,0,43.83,1998
2020-08-02 23:46:11,0,43.84,1998
2020-08-02 23:46:21,0,44,1993
2020-08-02 23:46:31,0,44.03,1992
2020-08-02 23:46:41,0,44.01,1992
2020-08-02 23:46:51,0,43.95,1994
2020-08-02 23:47:01,0,43.97,1994
2020-08-02 23:47:11,0,43.98,1994
2020-08-02 23:47:21,2,44.03,1992
2020-08-02 23:47:41,0,44.01,1992
2020-08-02 23:47:51,2,44.03,1991
2020-08-02 23:48:01,0,44.05,1991
2020-08-02 23:48:11,0,44.04,1991
2020-08-02 23:48:21,8,44.07,1991
2020-08-02 23:48:31,0,44.08,1991
2020-08-02 23:48:41,0,43.99,1993
2020-08-02 23:48:51,0,43.74,2002
2020-08-02 23:49:01,0,43.75,2002
2020-08-02 23:49:11,0,43.75,2002
2020-08-02 23:49:21,0,43.85,1998
2020-08-02 23:49:31,0,43.87,1998
2020-08-02 23:49:41,0,43.86,1998
2020-08-02 23:49:51,8,44.08,1990
2020-08-02 23:50:01,0,44.07,1990
2020-08-02 23:50:11,0,44.07,1990
2020-08-02 23:50:21,17,44.2,1986
2020-08-02 23:50:31,0,44.13,1989
2020-08-02 23:50:41,0,44.09,1989
2020-08-02 23:50:51,0,44.15,1988
2020-08-02 23:51:11,0,44.11,1989
2020-08-02 23:51:21,4,44.21,1986
2020-08-02 23:51:31,0,44.19,1986
2020-08-02 23:51:41,0,44.19,1986
2020-08-02 23:51:51,0,43.82,2000
2020-08-02 23:52:02,0,44.15,1987
2020-08-02 23:52:11,0,43.73,2002
2020-08-02 23:52:22,0,44,1993
2020-08-02 23:52:31,0,43.94,1995
2020-08-02 23:52:51,4,43.93,1995
2020-08-02 23:53:01,0,43.91,1996
2020-08-02 23:53:11,0,43.93,1996
2020-08-02 23:53:21,0,43.96,1994
2020-08-02 23:53:31,7,44.26,1982
2020-08-02 23:53:41,0,43.97,1994
2020-08-02 23:53:51,2,44.01,1993
2020-08-02 23:54:01,0,43.89,1997
2020-08-02 23:54:21,4,43.91,1996
2020-08-02 23:54:31,0,43.9,1996
2020-08-02 23:54:41,0,43.9,1996
2020-08-02 23:54:51,4,43.91,1996
2020-08-02 23:55:01,2,43.43,2013
2020-08-02 23:55:11,22,43.67,2004
2020-08-02 23:55:21,0,43.72,2002
2020-08-02 23:55:41,0,43.73,2002
2020-08-02 23:55:51,0,43.6,2007
2020-08-02 23:56:01,7,43.8,1999
2020-08-02 23:56:11,0,43.81,2000
2020-08-02 23:56:31,0,43.8,2000
2020-08-02 23:56:41,0,43.8,1999
2020-08-02 23:56:51,0,43.8,1999
2020-08-02 23:57:01,0,43.8,2000
2020-08-02 23:57:11,0,43.81,1999
2020-08-02 23:57:31,0,43.67,2004
2020-08-02 23:57:51,5,43.69,2004
2020-08-02 23:58:01,0,43.67,2004
2020-08-02 23:58:11,0,43.67,2004
2020-08-02 23:58:21,0,43.78,2001
2020-08-02 23:58:31,0,43.77,2001
2020-08-02 23:58:41,0,43.8,2000
2020-08-02 23:58:51,0,43.79,2000
2020-08-02 23:59:01,0,43.65,2005
2020-08-02 23:59:11,0,43.66,2005
2020-08-02 23:59:21,4,43.67,2005
2020-08-02 23:59:31,0,43.64,2005
2020-08-02 23:59:41,0,43.64,2005
2020-08-02 23:59:51,4,43.37,2015
2020-08-03 00:00:01,0,43.41,2014
2020-08-03 00:00:11,0,43.45,2013
2020-08-03 00:00:21,2,43.27,2019
2020-08-03 00:00:31,0,43.72,2003
2020-08-03 00:00:41,0,43.27,2018
2020-08-03 00:00:51,10,43.45,2012
2020-08-03 00:01:01,0,43.26,2019
2020-08-03 00:01:21,5,43.34,2016
2020-08-03 00:01:41,0,43.35,2016
2020-08-03 00:01:51,2,43.35,2016
2020-08-03 00:02:01,0,43.33,2016
2020-08-03 00:02:11,0,43.34,2016
2020-08-03 00:02:21,0,43.63,2006
2020-08-03 00:02:31,0,43.37,2015
2020-08-03 00:02:41,0,43.37,2015
2020-08-03 00:02:51,4,43.24,2020
2020-08-03 00:03:01,0,43.21,2020
2020-08-03 00:03:11,0,43.22,2020
2020-08-03 00:03:21,0,43.33,2017
2020-08-03 00:03:31,0,43.33,2017
2020-08-03 00:03:41,0,43.65,2005
2020-08-03 00:03:51,0,43.34,2017
2020-08-03 00:04:01,7,43.88,1997
2020-08-03 00:04:11,87,45.18,1951
2020-08-03 00:04:21,10,44.43,1978
2020-08-03 00:04:31,19,44,1993
2020-08-03 00:04:41,14,44.09,1989
2020-08-03 00:04:51,14,44.69,1969
2020-08-03 00:05:01,2,48.91,1818
2020-08-03 00:05:11,0,45.37,1944
2020-08-03 00:05:21,0,45.22,1949
2020-08-03 00:05:31,2,45,1957
2020-08-03 00:05:41,0,44.98,1958
2020-08-03 00:05:51,0,44.98,1957
2020-08-03 00:06:01,0,44.99,1958
2020-08-03 00:06:11,0,44.98,1958
2020-08-03 00:06:21,0,44.97,1958
2020-08-03 00:06:31,5,45.66,1934
2020-08-03 00:06:41,0,45.09,1954
2020-08-03 00:06:51,2,45.02,1956
2020-08-03 00:07:01,0,45.13,1952
2020-08-03 00:07:11,0,45.13,1952
2020-08-03 00:07:21,0,45.1,1953
2020-08-03 00:07:31,0,44.83,1963
2020-08-03 00:07:41,0,44.8,1965
2020-08-03 00:07:51,0,44.77,1965
2020-08-03 00:08:01,0,44.77,1965
2020-08-03 00:08:11,0,44.75,1966
2020-08-03 00:08:21,0,44.74,1966
2020-08-03 00:08:31,7,44.65,1969
2020-08-03 00:08:41,0,44.67,1969
2020-08-03 00:08:51,0,45,1958
2020-08-03 00:09:01,0,44.67,1969
2020-08-03 00:09:11,0,44.67,1969
2020-08-03 00:09:21,2,44.61,1971
2020-08-03 00:09:31,0,44.59,1971
2020-08-03 00:09:41,0,44.58,1972
2020-08-03 00:09:51,2,44.58,1972
2020-08-03 00:10:01,0,44.57,1973
2020-08-03 00:10:11,0,44.56,1973
2020-08-03 00:10:21,5,44.57,1972
2020-08-03 00:10:31,0,44.52,1974
2020-08-03 00:10:41,0,44.52,1974
2020-08-03 00:10:51,2,44.51,1974
2020-08-03 00:11:01,0,44.42,1978
2020-08-03 00:11:11,0,44.42,1977
2020-08-03 00:11:21,2,44.48,1976
2020-08-03 00:11:31,0,44.45,1977
2020-08-03 00:11:41,0,44.46,1977
2020-08-03 00:11:51,7,44.43,1977
2020-08-03 00:12:01,0,44.36,1980
2020-08-03 00:12:11,0,44.36,1980
2020-08-03 00:12:21,2,44.37,1980
2020-08-03 00:12:31,0,44.33,1981
2020-08-03 00:12:41,0,44.34,1980
2020-08-03 00:12:51,2,44.36,1980
2020-08-03 00:13:01,0,44.26,1983
2020-08-03 00:13:11,0,44.25,1983
2020-08-03 00:13:21,4,44.29,1983
2020-08-03 00:13:31,0,44.27,1983
2020-08-03 00:13:41,0,44.26,1983
2020-08-03 00:13:51,0,44.16,1987
2020-08-03 00:14:01,5,44.5,1976
2020-08-03 00:14:21,2,44.17,1987
2020-08-03 00:14:31,0,44.14,1987
2020-08-03 00:14:41,0,44.17,1987
2020-08-03 00:14:51,2,44.09,1989
2020-08-03 00:15:01,0,44.09,1990
2020-08-03 00:15:12,0,42.83,2034
2020-08-03 00:15:21,2,42.86,2033
2020-08-03 00:15:31,8,42.81,2035
2020-08-03 00:15:41,0,42.79,2036
2020-08-03 00:15:51,7,42.8,2035
2020-08-03 00:16:01,0,42.8,2035
2020-08-03 00:16:21,0,42.76,2036
2020-08-03 00:16:31,0,42.78,2036
2020-08-03 00:16:41,0,42.69,2039
2020-08-03 00:16:51,4,42.68,2039
2020-08-03 00:17:01,0,42.71,2039
2020-08-03 00:17:11,0,42.7,2039
2020-08-03 00:17:21,0,42.71,2038
2020-08-03 00:17:31,0,42.71,2038
2020-08-03 00:17:41,0,42.7,2039
2020-08-03 00:18:01,0,42.65,2041
2020-08-03 00:18:11,0,42.63,2041
2020-08-03 00:18:21,2,42.65,2041
2020-08-03 00:18:31,0,42.65,2041
2020-08-03 00:18:41,0,42.65,2040
2020-08-03 00:18:51,0,42.65,2041
2020-08-03 00:19:01,0,42.63,2041
2020-08-03 00:19:11,0,42.64,2040
2020-08-03 00:19:21,16,42.63,2041
2020-08-03 00:19:31,0,42.63,2041
2020-08-03 00:19:41,0,42.62,2042
2020-08-03 00:19:51,0,42.63,2042
2020-08-03 00:20:01,0,42.63,2041
2020-08-03 00:20:11,0,42.61,2042
2020-08-03 00:20:21,0,42.66,2040
2020-08-03 00:20:31,4,42.59,2043
2020-08-03 00:20:41,0,42.6,2042
2020-08-03 00:20:51,2,42.59,2043
2020-08-03 00:21:01,0,42.47,2047
2020-08-03 00:21:11,0,42.49,2046
2020-08-03 00:21:21,0,42.47,2047
2020-08-03 00:21:31,0,42.38,2049
2020-08-03 00:21:41,0,42.4,2050
2020-08-03 00:22:01,0,42.33,2052
2020-08-03 00:22:11,0,42.35,2051
2020-08-03 00:22:21,4,42.36,2051
2020-08-03 00:22:31,0,42.36,2051
2020-08-03 00:22:41,0,42.34,2052
2020-08-03 00:22:51,4,42.26,2055
2020-08-03 00:23:01,0,42.26,2055
2020-08-03 00:23:11,2,42.22,2056
2020-08-03 00:23:21,0,42.24,2056
2020-08-03 00:23:31,0,42.18,2057
2020-08-03 00:23:41,0,42.16,2058
2020-08-03 00:23:51,0,42.17,2058
2020-08-03 00:24:01,0,42.2,2057
2020-08-03 00:24:11,0,42.16,2058
2020-08-03 00:24:21,0,42.48,2046
2020-08-03 00:24:41,0,42.18,2057
2020-08-03 00:24:51,0,42.14,2059
2020-08-03 00:25:01,0,42.15,2059
2020-08-03 00:25:11,0,42.14,2059
2020-08-03 00:25:21,0,42.15,2059
2020-08-03 00:25:31,0,42.14,2059
2020-08-03 00:25:41,0,42.14,2059
2020-08-03 00:26:01,0,42.08,2061
2020-08-03 00:26:11,0,42.07,2061
2020-08-03 00:26:21,0,42.05,2062
2020-08-03 00:26:31,0,42.04,2062
2020-08-03 00:26:41,0,42.04,2062
2020-08-03 00:26:51,2,41.98,2064
2020-08-03 00:27:01,0,41.94,2065
2020-08-03 00:27:11,0,41.97,2065
2020-08-03 00:27:21,0,41.97,2065
2020-08-03 00:27:31,0,41.91,2067
2020-08-03 00:27:41,0,41.9,2067
2020-08-03 00:27:51,0,41.91,2067
2020-08-03 00:28:01,0,41.89,2068
2020-08-03 00:28:11,0,41.88,2067
2020-08-03 00:28:21,0,41.88,2068
2020-08-03 00:28:31,0,41.89,2068
2020-08-03 00:28:41,0,41.89,2068
2020-08-03 00:28:51,4,41.83,2069
2020-08-03 00:29:01,0,41.82,2070
2020-08-03 00:29:11,0,41.82,2070
2020-08-03 00:29:21,0,41.79,2071
2020-08-03 00:29:31,0,42.09,2060
2020-08-03 00:29:41,0,41.74,2073
2020-08-03 00:29:51,0,41.75,2073
2020-08-03 00:30:01,23,42.27,2054
2020-08-03 00:30:21,40,42.77,2035
2020-08-03 00:30:31,51,43.04,2033
2020-08-03 00:30:51,36,43.47,2012
2020-08-03 00:31:01,34,44.32,1981
2020-08-03 00:31:21,54,44.53,1974
2020-08-03 00:31:31,19,44.8,1965
2020-08-03 00:31:41,0,43.96,1994
2020-08-03 00:31:51,0,43.94,1995
2020-08-03 00:32:01,0,43.95,1995
2020-08-03 00:32:11,0,43.94,1995
2020-08-03 00:32:21,2,43.94,1995
2020-08-03 00:32:41,0,43.92,1995
2020-08-03 00:32:51,4,43.87,1997
2020-08-03 00:33:11,0,43.76,2001
2020-08-03 00:33:21,2,43.74,2002
2020-08-03 00:33:31,0,43.66,2005
2020-08-03 00:33:41,0,43.59,2007
2020-08-03 00:33:51,2,43.47,2011
2020-08-03 00:34:01,0,43.37,2015
2020-08-03 00:34:11,0,43.27,2018
2020-08-03 00:34:21,0,43.18,2021
2020-08-03 00:34:31,0,43.15,2023
2020-08-03 00:34:41,4,43.12,2024
2020-08-03 00:34:51,2,43.03,2027
2020-08-03 00:35:01,0,42.96,2029
2020-08-03 00:35:11,0,43.05,2026
2020-08-03 00:35:21,0,43,2028
2020-08-03 00:35:31,0,42.97,2029
2020-08-03 00:35:41,0,42.94,2030
2020-08-03 00:35:51,0,42.88,2032
2020-08-03 00:36:11,0,42.85,2033
2020-08-03 00:36:21,2,42.84,2034
2020-08-03 00:36:41,0,42.85,2033
2020-08-03 00:36:51,0,42.84,2034
2020-08-03 00:37:01,10,42.89,2033
2020-08-03 00:37:11,0,42.86,2033
2020-08-03 00:37:21,4,42.86,2033
2020-08-03 00:37:31,0,42.83,2034
2020-08-03 00:37:41,0,42.82,2034
2020-08-03 00:37:51,0,42.86,2034
2020-08-03 00:38:01,0,42.82,2034
2020-08-03 00:38:11,0,42.82,2034
2020-08-03 00:38:21,2,42.82,2035
2020-08-03 00:38:31,0,42.82,2034
2020-08-03 00:38:41,0,42.82,2034
2020-08-03 00:38:51,0,42.78,2036
2020-08-03 00:39:01,0,42.77,2036
2020-08-03 00:39:11,0,42.77,2036
2020-08-03 00:39:21,0,42.78,2036
2020-08-03 00:39:31,0,42.76,2036
2020-08-03 00:39:41,0,43.12,2033
2020-08-03 00:39:51,0,42.76,2036
2020-08-03 00:40:01,0,42.75,2037
2020-08-03 00:40:11,0,42.76,2037
2020-08-03 00:40:21,4,42.73,2037
2020-08-03 00:40:31,0,42.74,2038
2020-08-03 00:40:41,0,42.75,2037
2020-08-03 00:40:51,4,42.69,2039
2020-08-03 00:41:01,0,42.66,2040
2020-08-03 00:41:11,0,42.66,2040
2020-08-03 00:41:31,0,42.66,2040
2020-08-03 00:41:41,0,42.65,2041
2020-08-03 00:41:51,0,42.65,2041
2020-08-03 00:42:01,0,42.67,2040
2020-08-03 00:42:11,0,42.65,2041
2020-08-03 00:42:21,2,42.6,2042
2020-08-03 00:42:31,2,42.62,2042
2020-08-03 00:42:41,0,42.63,2042
2020-08-03 00:42:51,4,42.59,2042
2020-08-03 00:43:01,0,42.6,2042
2020-08-03 00:43:11,0,42.62,2042
2020-08-03 00:43:21,0,42.72,2038
2020-08-03 00:43:31,2,42.71,2038
2020-08-03 00:43:41,0,42.73,2038
2020-08-03 00:43:51,0,42.74,2038
2020-08-03 00:44:01,0,42.74,2038
2020-08-03 00:44:21,2,42.71,2039
2020-08-03 00:44:41,0,42.73,2038
2020-08-03 00:44:51,5,43.06,2026
2020-08-03 00:45:01,0,42.76,2037
2020-08-03 00:45:11,0,42.75,2037
2020-08-03 00:45:21,2,42.74,2038
2020-08-03 00:45:31,0,42.71,2038
2020-08-03 00:45:41,0,42.72,2038
2020-08-03 00:45:51,0,42.71,2039
2020-08-03 00:46:01,0,42.69,2039
2020-08-03 00:46:11,0,42.7,2039
2020-08-03 00:46:21,0,42.66,2040
2020-08-03 00:46:31,0,42.66,2040
2020-08-03 00:46:41,0,42.71,2040
2020-08-03 00:46:51,0,42.68,2040
2020-08-03 00:47:01,7,42.64,2040
2020-08-03 00:47:11,0,42.68,2040
2020-08-03 00:47:21,0,42.66,2040
2020-08-03 00:47:31,0,42.68,2040
2020-08-03 00:47:41,0,42.65,2041
2020-08-03 00:47:51,0,42.66,2041
2020-08-03 00:48:01,0,42.67,2040
2020-08-03 00:48:11,0,42.68,2040
2020-08-03 00:48:21,4,42.6,2043
2020-08-03 00:48:41,0,42.6,2042
2020-08-03 00:48:51,5,42.61,2043
2020-08-03 00:49:01,0,42.59,2043
2020-08-03 00:49:11,0,42.59,2042
2020-08-03 00:49:21,2,42.62,2042
2020-08-03 00:49:31,0,42.62,2042
2020-08-03 00:49:41,0,42.6,2042
2020-08-03 00:49:51,0,42.62,2042
2020-08-03 00:50:01,0,42.95,2030
2020-08-03 00:50:11,0,42.6,2042
2020-08-03 00:50:21,4,42.62,2042
2020-08-03 00:50:31,0,42.62,2042
2020-08-03 00:50:41,0,42.62,2042
2020-08-03 00:50:51,5,42.62,2042
2020-08-03 00:51:01,0,42.62,2042
2020-08-03 00:51:11,0,42.6,2042
2020-08-03 00:51:21,0,42.62,2042
2020-08-03 00:51:31,2,42.64,2041
2020-08-03 00:51:41,0,42.65,2041
2020-08-03 00:51:51,4,42.65,2041
2020-08-03 00:52:01,4,42.65,2041
2020-08-03 00:52:31,0,42.66,2040
2020-08-03 00:52:41,0,42.67,2040
2020-08-03 00:52:51,2,42.66,2041
2020-08-03 00:53:01,0,42.65,2041
2020-08-03 00:53:11,0,42.67,2040
2020-08-03 00:53:21,0,42.67,2040
2020-08-03 00:53:41,0,42.64,2041
2020-08-03 00:53:51,2,42.65,2041
2020-08-03 00:54:01,0,42.66,2040
2020-08-03 00:54:11,0,42.65,2041
2020-08-03 00:54:21,4,42.65,2041
2020-08-03 00:54:31,2,42.64,2041
2020-08-03 00:54:41,0,42.65,2041
2020-08-03 00:54:51,0,42.66,2041
2020-08-03 00:55:01,2,42.66,2041
2020-08-03 00:55:11,0,42.96,2029
2020-08-03 00:55:31,0,42.65,2041
2020-08-03 00:55:41,0,42.68,2040
2020-08-03 00:55:51,0,42.71,2039
2020-08-03 00:56:01,0,42.7,2039
2020-08-03 00:56:11,0,42.7,2039
2020-08-03 00:56:21,0,42.7,2039
2020-08-03 00:56:31,2,42.69,2039
2020-08-03 00:56:51,0,42.69,2040
2020-08-03 00:57:01,0,42.69,2040
2020-08-03 00:57:11,0,42.73,2038
2020-08-03 00:57:21,4,42.69,2039
2020-08-03 00:57:31,0,42.71,2039
2020-08-03 00:57:41,0,42.67,2039
2020-08-03 00:57:51,2,42.69,2039
2020-08-03 00:58:01,13,42.7,2039
2020-08-03 00:58:11,0,42.7,2039
2020-08-03 00:58:21,0,42.37,2051
2020-08-03 00:58:31,2,42.36,2051
2020-08-03 00:58:41,0,42.38,2050
2020-08-03 00:58:51,0,42.37,2051
2020-08-03 00:59:01,0,42.36,2051
2020-08-03 00:59:11,0,42.37,2051
2020-08-03 00:59:21,0,42.42,2049
2020-08-03 00:59:31,0,42.4,2049
2020-08-03 00:59:41,0,42.42,2049
2020-08-03 00:59:51,0,42.41,2049
2020-08-03 01:00:01,0,42.44,2048
2020-08-03 01:00:11,0,42.42,2049
2020-08-03 01:00:21,11,42.77,2036
2020-08-03 01:00:31,0,42.46,2048
2020-08-03 01:00:41,0,42.45,2047
2020-08-03 01:00:51,0,42.5,2047
2020-08-03 01:01:01,0,42.48,2047
2020-08-03 01:01:11,0,42.49,2047
2020-08-03 01:01:21,0,42.5,2046
2020-08-03 01:01:31,0,42.5,2046
2020-08-03 01:01:41,0,42.48,2047
2020-08-03 01:01:51,2,42.48,2047
2020-08-03 01:02:01,0,42.53,2045
2020-08-03 01:02:11,0,42.55,2045
2020-08-03 01:02:31,0,42.5,2046
2020-08-03 01:02:41,0,42.51,2045
2020-08-03 01:02:51,2,42.5,2046
2020-08-03 01:03:01,0,42.49,2046
2020-08-03 01:03:11,0,42.5,2046
2020-08-03 01:03:21,4,42.51,2045
2020-08-03 01:03:31,0,42.52,2045
2020-08-03 01:03:41,0,42.51,2045
2020-08-03 01:04:01,0,42.53,2045
2020-08-03 01:04:11,0,42.52,2045
2020-08-03 01:04:21,4,42.52,2045
2020-08-03 01:04:31,0,42.63,2041
2020-08-03 01:04:41,0,42.92,2031
2020-08-03 01:04:51,5,42.93,2032
2020-08-03 01:05:01,0,42.9,2032
2020-08-03 01:05:11,0,42.88,2032
2020-08-03 01:05:21,2,42.87,2033
2020-08-03 01:05:31,0,42.87,2033
2020-08-03 01:05:41,0,42.86,2033
2020-08-03 01:05:51,0,42.87,2033
2020-08-03 01:06:01,0,42.89,2032
2020-08-03 01:06:11,0,42.88,2032
2020-08-03 01:06:21,0,42.87,2033
2020-08-03 01:06:31,0,42.88,2033
2020-08-03 01:06:41,0,42.66,2041
2020-08-03 01:06:51,0,42.63,2042
2020-08-03 01:07:01,0,42.63,2042
2020-08-03 01:07:11,0,42.63,2042
2020-08-03 01:07:21,0,42.59,2043
2020-08-03 01:07:41,0,42.59,2043
2020-08-03 01:07:51,0,42.59,2043
2020-08-03 01:08:01,0,42.61,2042
2020-08-03 01:08:11,0,42.59,2043
2020-08-03 01:08:21,0,42.61,2043
2020-08-03 01:08:31,0,42.6,2043
2020-08-03 01:08:41,0,42.6,2042
2020-08-03 01:08:51,4,42.61,2043
2020-08-03 01:09:01,0,42.61,2043
2020-08-03 01:09:11,0,42.6,2042
2020-08-03 01:09:21,2,42.65,2041
2020-08-03 01:09:31,0,42.67,2041
2020-08-03 01:09:41,0,42.66,2041
2020-08-03 01:09:51,7,42.66,2041
2020-08-03 01:10:01,0,42.66,2040
2020-08-03 01:10:11,0,42.66,2040
2020-08-03 01:10:21,2,42.63,2041
2020-08-03 01:10:31,2,42.71,2039
2020-08-03 01:10:41,0,42.66,2040
2020-08-03 01:10:51,2,42.67,2040
2020-08-03 01:11:01,0,42.68,2040
2020-08-03 01:11:11,0,42.66,2040
2020-08-03 01:11:21,0,42.69,2040
2020-08-03 01:11:31,0,42.71,2039
2020-08-03 01:11:51,2,42.68,2040
2020-08-03 01:12:01,0,42.67,2040
2020-08-03 01:12:11,0,42.69,2040
2020-08-03 01:12:21,2,42.66,2040
2020-08-03 01:12:31,0,42.67,2040
2020-08-03 01:12:41,0,42.65,2041
2020-08-03 01:12:51,2,42.63,2042
2020-08-03 01:13:01,2,42.79,2034
2020-08-03 01:13:11,0,42.84,2034
2020-08-03 01:13:21,2,42.87,2033
2020-08-03 01:13:31,0,42.87,2033
2020-08-03 01:13:41,0,42.86,2033
2020-08-03 01:13:51,0,42.88,2033
2020-08-03 01:14:11,0,42.88,2033
2020-08-03 01:14:31,0,42.87,2033
2020-08-03 01:14:41,0,42.89,2032
2020-08-03 01:14:51,2,42.98,2030
2020-08-03 01:15:11,0,42.99,2029
2020-08-03 01:15:21,2,43,2029
2020-08-03 01:15:31,0,42.99,2029
2020-08-03 01:15:41,0,42.99,2029
2020-08-03 01:15:51,0,43,2028
2020-08-03 01:16:01,0,43.01,2028
2020-08-03 01:16:11,0,43.06,2025
2020-08-03 01:16:21,16,43.04,2027
2020-08-03 01:16:31,0,43.01,2027
2020-08-03 01:16:41,0,43.03,2027
2020-08-03 01:16:51,0,43.04,2027
2020-08-03 01:17:01,8,42.99,2028
2020-08-03 01:17:11,0,43.01,2028
2020-08-03 01:17:21,5,42.59,2043
2020-08-03 01:17:31,0,42.59,2043
2020-08-03 01:17:41,0,42.59,2043
2020-08-03 01:17:51,5,42.6,2043
2020-08-03 01:18:01,0,42.59,2043
2020-08-03 01:18:11,0,42.63,2042
2020-08-03 01:18:31,0,42.77,2036
2020-08-03 01:18:41,0,42.78,2036
2020-08-03 01:18:51,4,42.75,2037
2020-08-03 01:19:01,2,42.75,2037
2020-08-03 01:19:11,0,42.76,2037
2020-08-03 01:19:21,7,42.79,2036
2020-08-03 01:19:31,2,42.77,2036
2020-08-03 01:19:51,2,42.86,2033
2020-08-03 01:20:01,0,42.84,2034
2020-08-03 01:20:11,0,42.84,2034
2020-08-03 01:20:21,10,42.85,2034
2020-08-03 01:20:31,0,42.84,2034
2020-08-03 01:20:41,0,42.89,2033
2020-08-03 01:21:01,0,42.87,2033
2020-08-03 01:21:11,0,42.85,2034
2020-08-03 01:21:21,2,42.86,2033
2020-08-03 01:21:31,0,42.85,2033
2020-08-03 01:21:41,0,42.83,2034
2020-08-03 01:21:51,2,42.85,2034
2020-08-03 01:22:01,0,42.86,2034
2020-08-03 01:22:11,0,42.85,2034
2020-08-03 01:22:21,5,42.8,2035
2020-08-03 01:22:31,0,42.82,2035
2020-08-03 01:22:41,0,42.83,2034
2020-08-03 01:22:51,0,42.84,2035
2020-08-03 01:23:01,0,42.83,2034
2020-08-03 01:23:11,0,42.65,2040
2020-08-03 01:23:21,4,42.69,2040
2020-08-03 01:23:31,0,42.69,2039
2020-08-03 01:23:41,0,42.69,2039
2020-08-03 01:23:51,4,42.71,2039
2020-08-03 01:24:01,0,42.71,2039
2020-08-03 01:24:11,0,42.71,2039
2020-08-03 01:24:21,4,42.69,2040
2020-08-03 01:24:31,7,42.71,2038
2020-08-03 01:24:41,0,42.74,2038
2020-08-03 01:24:51,0,42.73,2038
2020-08-03 01:25:01,0,42.74,2038
2020-08-03 01:25:11,0,42.74,2038
2020-08-03 01:25:21,0,42.74,2037
2020-08-03 01:25:41,13,42.8,2035
2020-08-03 01:25:51,0,42.77,2036
2020-08-03 01:26:01,2,42.77,2036
2020-08-03 01:26:11,0,42.8,2036
2020-08-03 01:26:21,0,42.8,2036
2020-08-03 01:26:31,4,42.82,2035
2020-08-03 01:26:51,2,42.81,2035
2020-08-03 01:27:01,0,42.78,2035
2020-08-03 01:27:11,0,42.8,2035
2020-08-03 01:27:21,4,42.8,2035
2020-08-03 01:27:31,0,42.79,2036
2020-08-03 01:27:41,0,42.79,2036
2020-08-03 01:27:51,0,42.8,2036
2020-08-03 01:28:01,2,42.81,2035
2020-08-03 01:28:21,4,42.78,2036
2020-08-03 01:28:31,0,42.74,2037
2020-08-03 01:28:41,0,42.75,2037
2020-08-03 01:28:51,2,42.77,2037
2020-08-03 01:29:01,7,42.75,2038
2020-08-03 01:29:11,0,42.74,2038
2020-08-03 01:29:21,8,42.79,2037
2020-08-03 01:29:31,2,42.77,2037
2020-08-03 01:29:41,0,42.77,2037
2020-08-03 01:29:51,4,42.73,2037
2020-08-03 01:30:01,0,42.75,2037
2020-08-03 01:30:11,0,42.74,2037
2020-08-03 01:30:21,4,42.75,2038
2020-08-03 01:30:31,4,42.74,2038
2020-08-03 01:30:41,2,42.76,2038
2020-08-03 01:30:51,2,43.04,2026
2020-08-03 01:31:01,0,42.72,2038
2020-08-03 01:31:11,0,42.74,2038
2020-08-03 01:31:22,4,42.75,2037
2020-08-03 01:31:31,0,42.42,2049
2020-08-03 01:31:41,0,42.4,2050
2020-08-03 01:31:51,11,42.37,2050
2020-08-03 01:32:01,0,42.38,2050
2020-08-03 01:32:11,0,42.38,2050
2020-08-03 01:32:21,0,42.39,2050
2020-08-03 01:32:51,4,42.36,2051
2020-08-03 01:33:01,0,42.39,2051
2020-08-03 01:33:11,0,42.36,2050
2020-08-03 01:33:21,4,42.4,2050
2020-08-03 01:33:31,0,42.4,2050
2020-08-03 01:33:41,0,42.39,2050
2020-08-03 01:34:11,0,42.67,2041
2020-08-03 01:34:21,2,42.67,2041
2020-08-03 01:34:31,0,42.65,2041
2020-08-03 01:34:41,0,42.65,2041
2020-08-03 01:34:51,4,42.87,2033
2020-08-03 01:35:11,0,42.86,2033
2020-08-03 01:35:21,2,42.96,2030
2020-08-03 01:35:31,0,42.95,2030
2020-08-03 01:35:41,0,42.96,2030
2020-08-03 01:35:51,4,42.94,2030
2020-08-03 01:36:01,4,42.9,2032
2020-08-03 01:36:11,2,42.92,2032
2020-08-03 01:36:21,2,42.83,2034
2020-08-03 01:36:31,4,42.82,2035
2020-08-03 01:36:41,0,42.84,2034
2020-08-03 01:36:51,0,42.8,2035
2020-08-03 01:37:01,0,42.8,2036
2020-08-03 01:37:11,0,42.81,2035
2020-08-03 01:37:21,0,42.8,2035
2020-08-03 01:37:31,8,42.8,2036
2020-08-03 01:37:51,2,42.81,2034
2020-08-03 01:38:01,5,42.85,2034
2020-08-03 01:38:11,0,42.84,2034
2020-08-03 01:38:21,2,42.86,2034
2020-08-03 01:38:31,4,42.84,2034
2020-08-03 01:38:41,0,42.86,2034
2020-08-03 01:38:51,2,42.86,2034
2020-08-03 01:39:01,0,42.86,2033
2020-08-03 01:39:11,0,42.88,2033
2020-08-03 01:39:31,0,42.91,2031
2020-08-03 01:39:41,0,42.9,2032
2020-08-03 01:39:51,0,42.93,2031
2020-08-03 01:40:01,0,42.92,2031
2020-08-03 01:40:11,0,42.94,2030
2020-08-03 01:40:21,2,42.93,2031
2020-08-03 01:40:31,0,42.93,2031
2020-08-03 01:40:41,0,42.95,2030
2020-08-03 01:40:51,7,42.95,2030
2020-08-03 01:41:01,0,43.35,2016
2020-08-03 01:41:11,0,43.03,2027
2020-08-03 01:41:21,7,43.03,2027
2020-08-03 01:41:31,2,43.05,2027
2020-08-03 01:41:41,0,43.02,2027
2020-08-03 01:41:51,2,43.01,2028
2020-08-03 01:42:01,14,42.99,2028
2020-08-03 01:42:11,0,42.99,2029
2020-08-03 01:42:21,7,42.99,2029
2020-08-03 01:42:31,0,42.99,2029
2020-08-03 01:42:41,0,42.99,2029
2020-08-03 01:43:01,0,42.99,2028
2020-08-03 01:43:11,2,43,2028
2020-08-03 01:43:21,0,43.1,2025
2020-08-03 01:43:31,0,43.09,2025
2020-08-03 01:43:41,0,43.08,2025
2020-08-03 01:44:11,0,43.09,2025
2020-08-03 01:44:21,4,43.1,2025
2020-08-03 01:44:31,4,43.11,2024
2020-08-03 01:44:41,0,43.11,2024
2020-08-03 01:44:51,2,43.11,2025
2020-08-03 01:45:01,0,43.11,2024
2020-08-03 01:45:11,0,43.11,2025
2020-08-03 01:45:21,0,43.11,2024
2020-08-03 01:45:31,8,43.12,2024
2020-08-03 01:45:41,5,43.1,2025
2020-08-03 01:45:51,5,43.11,2025
2020-08-03 01:46:01,0,43.12,2024
2020-08-03 01:46:11,0,43.39,2013
2020-08-03 01:46:21,4,43.12,2024
2020-08-03 01:46:41,0,43.13,2023
2020-08-03 01:46:51,2,43.17,2023
2020-08-03 01:47:01,0,43.35,2015
2020-08-03 01:47:11,0,42.99,2028
2020-08-03 01:47:21,4,43.05,2027
2020-08-03 01:47:31,4,43.04,2027
2020-08-03 01:47:41,0,43.05,2027
2020-08-03 01:47:51,0,43.06,2027
2020-08-03 01:48:11,0,43.07,2026
2020-08-03 01:48:21,0,42.99,2029
2020-08-03 01:48:31,2,43.02,2028
2020-08-03 01:48:41,0,43.02,2028
2020-08-03 01:48:51,0,43.18,2022
2020-08-03 01:49:01,4,43.21,2022
2020-08-03 01:49:11,0,43.2,2021
2020-08-03 01:49:21,2,43.24,2019
2020-08-03 01:49:31,2,43.25,2019
2020-08-03 01:49:41,2,43.24,2020
2020-08-03 01:49:51,0,43.24,2019
2020-08-03 01:50:01,7,43.26,2019
2020-08-03 01:50:11,0,43.27,2019
2020-08-03 01:50:21,2,43.24,2020
2020-08-03 01:50:31,5,43.22,2020
2020-08-03 01:50:41,0,43.25,2020
2020-08-03 01:50:51,0,43.25,2020
2020-08-03 01:51:01,0,43.23,2020
2020-08-03 01:51:11,0,43.24,2020
2020-08-03 01:51:21,2,43.5,2009
2020-08-03 01:51:31,0,43.55,2007
2020-08-03 01:51:41,0,43.44,2012
2020-08-03 01:51:51,4,42.97,2030
2020-08-03 01:52:01,0,42.98,2029
2020-08-03 01:52:11,0,42.98,2029
2020-08-03 01:52:21,0,42.96,2030
2020-08-03 01:52:31,0,42.96,2030
2020-08-03 01:52:41,0,42.97,2029
2020-08-03 01:52:51,0,42.96,2030
2020-08-03 01:53:01,0,42.95,2030
2020-08-03 01:53:11,0,42.94,2030
2020-08-03 01:53:21,2,42.98,2030
2020-08-03 01:53:31,4,43,2029
2020-08-03 01:53:41,4,43.01,2028
2020-08-03 01:53:51,7,43.05,2027
2020-08-03 01:54:01,4,43.14,2024
2020-08-03 01:54:11,0,43.11,2024
2020-08-03 01:54:21,5,43.15,2024
2020-08-03 01:54:31,4,43.14,2024
2020-08-03 01:54:41,0,43.17,2023
2020-08-03 01:54:51,4,43.13,2023
2020-08-03 01:55:01,0,43.13,2024
2020-08-03 01:55:11,0,43.15,2023
2020-08-03 01:55:21,5,43.12,2023
2020-08-03 01:55:31,2,43.13,2023
2020-08-03 01:55:41,0,43.16,2023
2020-08-03 01:55:51,4,43.19,2022
2020-08-03 01:56:01,0,43.24,2020
2020-08-03 01:56:21,2,43.22,2021
2020-08-03 01:56:31,0,43.22,2021
2020-08-03 01:56:41,0,43.55,2008
2020-08-03 01:56:51,0,43.23,2020
2020-08-03 01:57:01,0,43.23,2020
2020-08-03 01:57:11,0,43.28,2019
2020-08-03 01:57:21,4,43.26,2019
2020-08-03 01:57:31,0,43.22,2020
2020-08-03 01:57:41,0,43.23,2021
2020-08-03 01:57:51,2,43.22,2021
2020-08-03 01:58:01,0,43.24,2020
2020-08-03 01:58:11,0,43.22,2021
2020-08-03 01:58:21,0,43.22,2021
2020-08-03 01:58:31,0,43.22,2021
2020-08-03 01:58:41,0,43.21,2020
2020-08-03 01:58:51,5,43.24,2021
2020-08-03 01:59:01,0,43.24,2020
2020-08-03 01:59:11,0,43.23,2020
2020-08-03 01:59:21,2,43.27,2019
2020-08-03 01:59:31,7,43.31,2017
2020-08-03 01:59:41,0,43.35,2016
2020-08-03 01:59:51,2,43.32,2017
2020-08-03 02:00:01,0,43.35,2016
2020-08-03 02:00:11,0,43.32,2017
2020-08-03 02:00:21,0,43.32,2017
2020-08-03 02:00:31,0,43.34,2016
2020-08-03 02:00:41,0,43.38,2015
2020-08-03 02:00:51,0,43.36,2016
2020-08-03 02:01:01,0,43.31,2017
2020-08-03 02:01:11,0,43.32,2017
2020-08-03 02:01:21,5,43.3,2018
2020-08-03 02:01:41,0,43.3,2018
2020-08-03 02:01:51,0,43.28,2018
2020-08-03 02:02:01,5,43.29,2018
2020-08-03 02:02:11,4,43.29,2018
2020-08-03 02:02:21,2,43.29,2018
2020-08-03 02:02:41,2,43.34,2016
2020-08-03 02:02:51,2,43.34,2017
2020-08-03 02:03:01,0,43.33,2017
2020-08-03 02:03:11,0,43.33,2017
2020-08-03 02:03:21,17,43.39,2014
2020-08-03 02:03:31,2,43.41,2012
2020-08-03 02:03:41,0,43.4,2013
2020-08-03 02:03:51,0,43.42,2012
2020-08-03 02:04:01,0,43.44,2012
2020-08-03 02:04:11,0,43.47,2010
2020-08-03 02:04:31,0,43.48,2010
2020-08-03 02:04:41,0,43.49,2010
2020-08-03 02:04:51,4,43.48,2011
2020-08-03 02:05:01,8,43.46,2012
2020-08-03 02:05:11,0,43.48,2011
2020-08-03 02:05:21,4,43.48,2011
2020-08-03 02:05:31,0,43.47,2011
2020-08-03 02:05:41,0,43.45,2012
2020-08-03 02:05:51,2,43.45,2012
2020-08-03 02:06:01,0,43.46,2012
2020-08-03 02:06:11,0,43.45,2012
2020-08-03 02:06:21,4,43.45,2012
2020-08-03 02:06:31,7,43.45,2012
2020-08-03 02:06:41,0,43.46,2012
2020-08-03 02:06:51,8,43.48,2010
2020-08-03 02:07:01,0,43.68,2003
2020-08-03 02:07:11,0,43.74,2001
2020-08-03 02:07:21,4,43.76,2001
2020-08-03 02:07:31,5,43.77,2000
2020-08-03 02:07:41,0,43.76,2000
2020-08-03 02:07:51,2,43.77,2000
2020-08-03 02:08:01,2,43.78,2000
2020-08-03 02:08:11,0,43.78,2000
2020-08-03 02:08:21,2,43.81,1998
2020-08-03 02:08:41,0,43.87,1997
2020-08-03 02:08:51,2,43.93,1993
2020-08-03 02:09:01,0,43.77,2002
2020-08-03 02:09:11,2,43.73,2003
2020-08-03 02:09:21,0,43.77,2001
2020-08-03 02:09:31,0,43.51,2010
2020-08-03 02:09:41,0,43.5,2010
2020-08-03 02:09:51,2,43.52,2010
2020-08-03 02:10:01,2,43.51,2010
2020-08-03 02:10:11,0,43.51,2011
2020-08-03 02:10:21,5,43.45,2012
2020-08-03 02:10:31,2,43.44,2013
2020-08-03 02:10:41,0,43.47,2012
2020-08-03 02:10:51,0,43.45,2013
2020-08-03 02:11:01,0,43.43,2013
2020-08-03 02:11:11,0,43.45,2013
2020-08-03 02:11:21,4,43.45,2013
2020-08-03 02:11:31,0,43.46,2012
2020-08-03 02:11:41,0,43.45,2012
2020-08-03 02:11:51,2,43.8,2000
2020-08-03 02:12:01,0,43.51,2010
2020-08-03 02:12:11,0,43.54,2009
2020-08-03 02:12:21,0,43.53,2010
2020-08-03 02:12:31,0,43.53,2009
2020-08-03 02:12:41,0,43.53,2009
2020-08-03 02:12:51,4,43.52,2010
2020-08-03 02:13:01,0,43.5,2010
2020-08-03 02:13:11,0,43.49,2010
2020-08-03 02:13:21,0,43.49,2011
2020-08-03 02:13:31,0,43.5,2011
2020-08-03 02:13:41,0,43.47,2011
2020-08-03 02:13:52,2,43.52,2011
2020-08-03 02:14:01,4,43.65,2006
2020-08-03 02:14:11,0,43.62,2006
2020-08-03 02:14:21,2,43.66,2004
2020-08-03 02:14:31,0,43.68,2004
2020-08-03 02:14:41,0,43.68,2004
2020-08-03 02:14:51,4,43.68,2005
2020-08-03 02:15:01,4,43.67,2005
2020-08-03 02:15:11,0,43.68,2005
2020-08-03 02:15:31,5,43.66,2005
2020-08-03 02:15:41,0,43.58,2007
2020-08-03 02:15:51,0,43.7,2004
2020-08-03 02:16:01,0,43.7,2004
2020-08-03 02:16:11,0,43.7,2003
2020-08-03 02:16:21,2,43.73,2002
2020-08-03 02:16:31,0,43.76,2001
2020-08-03 02:16:41,0,43.77,2001
2020-08-03 02:16:51,2,43.77,2002
2020-08-03 02:17:01,0,43.84,1998
2020-08-03 02:17:11,0,43.84,1998
2020-08-03 02:17:21,24,43.86,1997
2020-08-03 02:17:31,4,43.86,1997
2020-08-03 02:17:41,2,43.96,1993
2020-08-03 02:17:51,10,43.97,1993
2020-08-03 02:18:01,0,43.98,1993
2020-08-03 02:18:11,0,43.98,1993
2020-08-03 02:18:31,2,43.99,1993
2020-08-03 02:18:41,0,43.99,1992
2020-08-03 02:18:51,2,43.98,1993
2020-08-03 02:19:01,5,44.01,1993
2020-08-03 02:19:11,0,44,1992
2020-08-03 02:19:21,5,44,1992
2020-08-03 02:19:31,2,44,1992
2020-08-03 02:19:41,0,43.99,1993
2020-08-03 02:19:51,5,43.99,1993
2020-08-03 02:20:01,0,43.99,1993
2020-08-03 02:20:11,0,43.99,1993
2020-08-03 02:20:21,0,43.97,1993
2020-08-03 02:20:31,5,44.02,1991
2020-08-03 02:20:41,5,44.06,1990
2020-08-03 02:20:51,2,44.05,1990
2020-08-03 02:21:01,0,44.08,1989
2020-08-03 02:21:11,0,44.09,1989
2020-08-03 02:21:21,0,44.11,1989
2020-08-03 02:21:31,0,44.1,1989
2020-08-03 02:21:41,0,44.08,1989
2020-08-03 02:21:51,2,44.09,1989
2020-08-03 02:22:01,10,44.17,1984
2020-08-03 02:22:11,4,44.24,1983
2020-08-03 02:22:21,2,44.25,1983
2020-08-03 02:22:41,0,44.25,1984
2020-08-03 02:22:51,0,44.25,1984
2020-08-03 02:23:01,0,44.3,1981
2020-08-03 02:23:11,2,43.75,2001
2020-08-03 02:23:21,0,43.83,1999
2020-08-03 02:23:31,0,43.84,1998
2020-08-03 02:23:41,0,43.86,1998
2020-08-03 02:23:51,0,43.87,1998
2020-08-03 02:24:01,4,43.89,1997
2020-08-03 02:24:11,0,43.86,1998
2020-08-03 02:24:21,0,43.9,1997
2020-08-03 02:24:31,5,43.99,1994
2020-08-03 02:24:41,2,43.99,1994
2020-08-03 02:25:01,0,43.99,1993
2020-08-03 02:25:11,0,43.99,1993
2020-08-03 02:25:21,2,44.04,1992
2020-08-03 02:25:31,7,44,1993
2020-08-03 02:25:41,0,44.01,1992
2020-08-03 02:25:51,0,44.02,1992
2020-08-03 02:26:01,2,44.07,1991
2020-08-03 02:26:11,4,44.04,1991
2020-08-03 02:26:21,0,44.11,1989
2020-08-03 02:26:31,0,44.14,1988
2020-08-03 02:26:41,0,44.14,1988
2020-08-03 02:26:51,2,44.13,1988
2020-08-03 02:27:01,0,44.13,1988
2020-08-03 02:27:11,0,44.43,1977
2020-08-03 02:27:31,0,44.2,1986
2020-08-03 02:27:41,0,44.16,1987
2020-08-03 02:27:51,0,44.17,1986
2020-08-03 02:28:01,4,44.31,1982
2020-08-03 02:28:11,0,44.29,1982
2020-08-03 02:28:21,4,44.29,1982
2020-08-03 02:28:31,0,44.29,1982
2020-08-03 02:28:41,0,44.35,1981
2020-08-03 02:28:51,2,44.32,1982
2020-08-03 02:29:01,5,44.31,1982
2020-08-03 02:29:11,0,44.31,1981
2020-08-03 02:29:21,7,44.31,1981
2020-08-03 02:29:31,0,44.29,1982
2020-08-03 02:29:41,0,44.28,1982
2020-08-03 02:29:51,0,44.3,1982
2020-08-03 02:30:01,0,44.3,1982
2020-08-03 02:30:11,0,44.36,1980
2020-08-03 02:30:21,5,44.34,1981
2020-08-03 02:30:31,2,44.41,1976
2020-08-03 02:30:41,0,44.45,1976
2020-08-03 02:30:51,4,44.46,1976
2020-08-03 02:31:01,0,44.45,1976
2020-08-03 02:31:11,0,44.46,1976
2020-08-03 02:31:21,0,44.46,1975
2020-08-03 02:31:31,17,44.46,1976
2020-08-03 02:31:41,0,44.45,1976
2020-08-03 02:31:51,5,44.45,1976
2020-08-03 02:32:01,0,44.46,1976
2020-08-03 02:32:11,0,44.46,1976
2020-08-03 02:32:21,2,44.69,1967
2020-08-03 02:32:31,5,44.45,1977
2020-08-03 02:32:41,0,44.48,1976
2020-08-03 02:32:51,0,44.47,1976
2020-08-03 02:33:11,0,44.49,1976
2020-08-03 02:33:21,0,44.49,1975
2020-08-03 02:33:31,0,44.58,1973
2020-08-03 02:33:41,0,44.56,1973
2020-08-03 02:33:51,0,44.52,1974
2020-08-03 02:34:01,0,44.57,1973
2020-08-03 02:34:11,0,44.56,1973
2020-08-03 02:34:21,0,44.56,1973
2020-08-03 02:34:31,0,44.55,1973
2020-08-03 02:34:41,0,44.54,1972
2020-08-03 02:34:51,0,44.58,1972
2020-08-03 02:35:01,0,44.55,1973
2020-08-03 02:35:11,0,44.54,1973
2020-08-03 02:35:21,2,44.6,1972
2020-08-03 02:35:31,0,44.54,1973
2020-08-03 02:35:41,0,44.54,1974
2020-08-03 02:35:51,0,44.57,1973
2020-08-03 02:36:01,0,44.54,1973
2020-08-03 02:36:11,0,44.55,1974
2020-08-03 02:36:21,0,44.55,1973
2020-08-03 02:36:31,0,44.53,1974
2020-08-03 02:36:41,0,44.54,1973
2020-08-03 02:36:51,2,44.61,1972
2020-08-03 02:37:01,0,44.53,1974
2020-08-03 02:37:11,0,44.53,1974
2020-08-03 02:37:21,0,44.61,1972
2020-08-03 02:37:31,0,44.85,1961
2020-08-03 02:37:41,0,44.59,1971
2020-08-03 02:37:51,0,44.62,1971
2020-08-03 02:38:01,0,44.6,1972
2020-08-03 02:38:11,0,44.61,1971
2020-08-03 02:38:21,0,44.61,1971
2020-08-03 02:38:31,0,44.58,1972
2020-08-03 02:38:41,0,44.6,1972
2020-08-03 02:38:51,0,44.6,1971
2020-08-03 02:39:01,0,44.57,1973
2020-08-03 02:39:11,0,44.61,1971
2020-08-03 02:39:21,0,44.65,1970
2020-08-03 02:39:31,2,44.62,1971
2020-08-03 02:39:41,0,44.62,1971
2020-08-03 02:39:51,2,44.62,1971
2020-08-03 02:40:01,0,44.6,1972
2020-08-03 02:40:11,0,44.63,1971
2020-08-03 02:40:21,0,44.62,1971
2020-08-03 02:40:31,0,44.59,1972
2020-08-03 02:40:41,0,44.64,1971
2020-08-03 02:40:51,2,44.61,1972
2020-08-03 02:41:01,0,44.59,1972
2020-08-03 02:41:11,0,44.58,1972
2020-08-03 02:41:21,2,44.6,1972
2020-08-03 02:41:31,0,44.59,1972
2020-08-03 02:41:41,2,44.57,1972
2020-08-03 02:41:51,0,44.63,1970
2020-08-03 02:42:01,0,44.63,1970
2020-08-03 02:42:11,0,44.63,1970
2020-08-03 02:42:21,4,44.62,1971
2020-08-03 02:42:31,2,44.62,1971
2020-08-03 02:42:41,16,44.9,1958
2020-08-03 02:42:51,2,44.63,1971
2020-08-03 02:43:01,0,44.61,1971
2020-08-03 02:43:11,0,44.61,1970
2020-08-03 02:43:21,2,44.73,1967
2020-08-03 02:43:31,4,44.72,1967
2020-08-03 02:43:41,4,44.78,1965
2020-08-03 02:43:51,4,44.79,1965
2020-08-03 02:44:02,0,44.8,1964
2020-08-03 02:44:11,0,44.79,1964
2020-08-03 02:44:21,4,44.87,1962
2020-08-03 02:44:31,0,44.87,1962
2020-08-03 02:44:41,0,44.88,1961
2020-08-03 02:44:51,5,44.86,1962
2020-08-03 02:45:01,2,44.86,1962
2020-08-03 02:45:21,2,44.88,1961
2020-08-03 02:45:31,0,44.86,1962
2020-08-03 02:45:41,0,44.85,1962
2020-08-03 02:45:51,2,44.86,1962
2020-08-03 02:46:01,7,44.88,1961
2020-08-03 02:46:11,2,44.87,1961
2020-08-03 02:46:21,2,44.87,1961
2020-08-03 02:46:41,0,44.88,1961
2020-08-03 02:46:51,2,44.88,1961
2020-08-03 02:47:01,2,44.88,1961
2020-08-03 02:47:11,0,44.87,1961
2020-08-03 02:47:21,0,44.86,1962
2020-08-03 02:47:31,0,44.88,1961
2020-08-03 02:47:41,0,44.88,1962
2020-08-03 02:47:51,10,45.22,1950
2020-08-03 02:48:01,0,45.28,1947
2020-08-03 02:48:21,5,45.26,1948
2020-08-03 02:48:31,2,44.96,1959
2020-08-03 02:48:41,0,45,1957
2020-08-03 02:48:51,2,44.99,1957
2020-08-03 02:49:01,0,45.03,1957
2020-08-03 02:49:21,7,45.06,1955
2020-08-03 02:49:31,2,45.02,1956
2020-08-03 02:49:41,0,45.02,1957
2020-08-03 02:49:51,2,45.07,1955
2020-08-03 02:50:01,2,45.06,1955
2020-08-03 02:50:11,0,45.15,1952
2020-08-03 02:50:21,4,45.12,1953
2020-08-03 02:50:31,4,45.17,1951
2020-08-03 02:50:41,2,45.15,1951
2020-08-03 02:51:01,2,45.14,1952
2020-08-03 02:51:11,4,45.14,1952
2020-08-03 02:51:21,0,45.14,1951
2020-08-03 02:51:31,0,45.15,1951
2020-08-03 02:51:41,0,45.17,1951
2020-08-03 02:51:51,2,45.17,1950
2020-08-03 02:52:01,0,45.18,1950
2020-08-03 02:52:11,2,45.18,1950
2020-08-03 02:52:21,5,45.17,1951
2020-08-03 02:52:31,0,45.18,1950
2020-08-03 02:52:41,2,45.17,1950
2020-08-03 02:52:51,2,45.19,1950
2020-08-03 02:53:01,0,45.18,1950
2020-08-03 02:53:11,0,45.18,1950
2020-08-03 02:53:21,0,45.18,1950
2020-08-03 02:53:31,0,45.19,1950
2020-08-03 02:53:41,0,45.19,1950
2020-08-03 02:53:51,0,45.18,1950
2020-08-03 02:54:01,0,45.19,1950
2020-08-03 02:54:11,0,45.18,1950
2020-08-03 02:54:21,0,45.17,1950
2020-08-03 02:54:31,2,45.18,1950
2020-08-03 02:54:41,0,45.18,1950
2020-08-03 02:54:51,0,45.19,1950
2020-08-03 02:55:01,2,45.18,1950
2020-08-03 02:55:11,0,45.18,1950
2020-08-03 02:55:21,0,45.18,1950
2020-08-03 02:55:31,2,45.19,1950
2020-08-03 02:55:41,0,45.18,1950
2020-08-03 02:55:51,2,45.19,1950
2020-08-03 02:56:11,0,45.2,1950
2020-08-03 02:56:21,0,45.21,1950
2020-08-03 02:56:31,5,45.2,1950
2020-08-03 02:56:41,0,45.2,1950
2020-08-03 02:56:51,2,45.19,1950
2020-08-03 02:57:01,0,45.18,1950
2020-08-03 02:57:11,0,45.19,1950
2020-08-03 02:57:21,4,45.19,1950
2020-08-03 02:57:31,0,45.2,1950
2020-08-03 02:57:41,0,45.2,1950
2020-08-03 02:57:51,0,45.19,1950
2020-08-03 02:58:01,0,45.2,1950
2020-08-03 02:58:11,0,45.19,1950
2020-08-03 02:58:21,0,45.19,1950
2020-08-03 02:58:31,4,45.2,1950
2020-08-03 02:58:41,0,45.2,1950
2020-08-03 02:58:51,2,45.19,1950
2020-08-03 02:59:01,4,45.19,1950
2020-08-03 02:59:11,5,45.2,1950
2020-08-03 02:59:21,0,45.2,1950
2020-08-03 02:59:31,2,45.2,1950
2020-08-03 02:59:41,0,45.17,1951
2020-08-03 02:59:51,0,45.2,1950
2020-08-03 03:00:01,0,45.2,1950
2020-08-03 03:00:11,0,45.19,1950
2020-08-03 03:00:21,2,45.17,1951
2020-08-03 03:00:31,0,45.18,1951
2020-08-03 03:00:41,0,45.17,1951
2020-08-03 03:00:51,4,45.18,1951
2020-08-03 03:01:01,0,45.18,1951
2020-08-03 03:01:11,0,45.19,1950
2020-08-03 03:01:21,4,45.17,1951
2020-08-03 03:01:31,8,45.16,1951
2020-08-03 03:01:41,0,45.15,1952
2020-08-03 03:02:01,0,45.16,1951
2020-08-03 03:02:11,2,45.19,1950
2020-08-03 03:02:21,4,45.17,1951
2020-08-03 03:02:31,0,45.15,1952
2020-08-03 03:02:41,0,45.16,1951
2020-08-03 03:02:51,0,45.15,1952
2020-08-03 03:03:01,0,45.14,1952
2020-08-03 03:03:11,0,45.15,1952
2020-08-03 03:03:21,2,45.15,1952
2020-08-03 03:03:31,7,45.21,1950
2020-08-03 03:03:41,0,45.16,1951
2020-08-03 03:03:51,2,45.17,1951
2020-08-03 03:04:01,2,45.18,1950
2020-08-03 03:04:11,0,45.17,1951
2020-08-03 03:04:21,5,45.18,1950
2020-08-03 03:04:31,2,45.17,1951
2020-08-03 03:04:41,2,45.2,1949
2020-08-03 03:04:51,0,45.23,1949
2020-08-03 03:05:01,0,45.21,1949
2020-08-03 03:05:11,0,45.21,1949
2020-08-03 03:05:31,0,45.23,1949
2020-08-03 03:05:41,0,45.21,1949
2020-08-03 03:05:51,10,45.21,1949
2020-08-03 03:06:01,4,45.26,1947
2020-08-03 03:06:11,0,45.28,1947
2020-08-03 03:06:21,0,45.27,1947
2020-08-03 03:06:31,0,45.27,1947
2020-08-03 03:06:41,0,45.47,1938
2020-08-03 03:06:51,7,45.55,1937
2020-08-03 03:07:01,5,45.6,1935
2020-08-03 03:07:11,0,45.6,1935
2020-08-03 03:07:21,7,45.63,1934
2020-08-03 03:07:31,0,45.64,1934
2020-08-03 03:07:51,0,45.63,1934
2020-08-03 03:08:01,2,45.64,1934
2020-08-03 03:08:11,4,45.64,1934
2020-08-03 03:08:21,4,45.63,1934
2020-08-03 03:08:31,0,45.64,1934
2020-08-03 03:08:41,0,45.42,1943
2020-08-03 03:09:01,4,45.4,1943
2020-08-03 03:09:11,0,45.38,1944
2020-08-03 03:09:21,5,45.42,1943
2020-08-03 03:09:31,5,45.38,1943
2020-08-03 03:09:41,2,45.35,1945
2020-08-03 03:09:51,0,45.36,1945
2020-08-03 03:10:01,0,45.39,1944
2020-08-03 03:10:11,0,45.36,1944
2020-08-03 03:10:21,2,45.33,1945
2020-08-03 03:10:31,0,45.33,1946
2020-08-03 03:10:41,0,45.35,1945
2020-08-03 03:10:51,2,45.32,1946
2020-08-03 03:11:01,2,45.31,1946
2020-08-03 03:11:11,0,45.32,1946
2020-08-03 03:11:21,10,45.38,1944
2020-08-03 03:11:31,5,45.36,1944
2020-08-03 03:11:41,0,45.38,1944
2020-08-03 03:11:51,0,45.38,1944
2020-08-03 03:12:01,2,45.39,1943
2020-08-03 03:12:11,2,45.38,1943
2020-08-03 03:12:21,2,45.37,1944
2020-08-03 03:12:31,0,45.38,1944
2020-08-03 03:12:41,0,45.4,1943
2020-08-03 03:12:51,2,45.41,1943
2020-08-03 03:13:01,5,45.39,1943
2020-08-03 03:13:11,10,45.52,1939
2020-08-03 03:13:21,5,45.52,1939
2020-08-03 03:13:31,2,45.58,1936
2020-08-03 03:13:41,2,45.64,1935
2020-08-03 03:13:51,11,45.58,1936
2020-08-03 03:14:01,0,45.6,1936
2020-08-03 03:14:11,0,45.59,1936
2020-08-03 03:14:21,0,45.56,1937
2020-08-03 03:14:31,0,45.57,1937
2020-08-03 03:14:51,0,45.57,1937
2020-08-03 03:15:01,0,45.56,1937
2020-08-03 03:15:11,0,45.56,1937
2020-08-03 03:15:21,4,45.56,1937
2020-08-03 03:15:31,0,45.56,1937
2020-08-03 03:15:41,0,45.57,1937
2020-08-03 03:15:51,4,45.55,1938
2020-08-03 03:16:01,0,45.62,1936
2020-08-03 03:16:11,0,45.61,1935
2020-08-03 03:16:21,2,45.6,1936
2020-08-03 03:16:31,0,45.59,1936
2020-08-03 03:16:41,0,45.61,1936
2020-08-03 03:16:51,0,45.6,1936
2020-08-03 03:17:01,0,45.61,1936
2020-08-03 03:17:11,0,45.59,1936
2020-08-03 03:17:21,0,45.6,1936
2020-08-03 03:17:31,0,45.6,1936
2020-08-03 03:17:41,0,45.61,1936
2020-08-03 03:17:51,2,45.63,1935
2020-08-03 03:18:01,0,45.63,1935
2020-08-03 03:18:11,0,45.63,1935
2020-08-03 03:18:21,2,45.62,1935
2020-08-03 03:18:31,0,45.61,1936
2020-08-03 03:18:41,0,45.61,1935
2020-08-03 03:18:51,4,45.62,1935
2020-08-03 03:19:01,0,45.61,1935
2020-08-03 03:19:11,0,45.63,1935
2020-08-03 03:19:21,2,45.63,1935
2020-08-03 03:19:31,0,45.63,1935
2020-08-03 03:19:41,0,45.62,1935
2020-08-03 03:19:51,2,45.64,1935
2020-08-03 03:20:01,0,45.65,1934
2020-08-03 03:20:11,2,45.65,1934
2020-08-03 03:20:21,0,45.65,1935
2020-08-03 03:20:31,0,45.63,1935
2020-08-03 03:20:41,0,45.65,1934
2020-08-03 03:20:51,4,45.64,1935
2020-08-03 03:21:01,0,45.63,1935
2020-08-03 03:21:11,0,45.64,1935
2020-08-03 03:21:21,0,45.64,1934
2020-08-03 03:21:31,0,45.62,1935
2020-08-03 03:21:41,0,45.61,1935
2020-08-03 03:21:51,7,45.64,1935
2020-08-03 03:22:01,7,45.67,1934
2020-08-03 03:22:11,0,45.63,1934
2020-08-03 03:22:21,5,45.64,1935
2020-08-03 03:22:31,4,45.63,1934
2020-08-03 03:22:41,0,45.64,1934
2020-08-03 03:22:51,0,45.63,1934
2020-08-03 03:23:01,4,45.65,1934
2020-08-03 03:23:11,0,45.65,1934
2020-08-03 03:23:21,8,45.41,1943
2020-08-03 03:23:31,0,45.4,1942
2020-08-03 03:23:41,0,45.39,1943
2020-08-03 03:23:51,2,45.43,1942
2020-08-03 03:24:01,0,45.44,1942
2020-08-03 03:24:11,0,45.44,1942
2020-08-03 03:24:21,2,45.44,1942
2020-08-03 03:24:31,0,45.44,1941
2020-08-03 03:24:41,0,45.45,1941
2020-08-03 03:25:01,0,45.42,1942
2020-08-03 03:25:11,0,45.42,1942
2020-08-03 03:25:21,0,45.43,1942
2020-08-03 03:25:31,2,45.44,1942
2020-08-03 03:25:41,2,45.44,1941
2020-08-03 03:25:51,0,45.45,1941
2020-08-03 03:26:01,0,45.45,1941
2020-08-03 03:26:11,0,45.45,1941
2020-08-03 03:26:21,4,45.45,1941
2020-08-03 03:26:31,4,45.45,1941
2020-08-03 03:26:41,2,45.47,1941
2020-08-03 03:26:51,4,45.44,1942
2020-08-03 03:27:01,0,45.42,1942
2020-08-03 03:27:11,0,45.44,1942
2020-08-03 03:27:21,2,45.45,1942
2020-08-03 03:27:31,0,45.45,1941
2020-08-03 03:27:41,0,45.4,1943
2020-08-03 03:27:51,4,45.41,1942
2020-08-03 03:28:01,0,45.45,1942
2020-08-03 03:28:11,0,45.42,1942
2020-08-03 03:28:21,2,45.4,1943
2020-08-03 03:28:31,0,45.4,1943
2020-08-03 03:28:52,5,45.73,1932
2020-08-03 03:29:01,5,45.46,1941
2020-08-03 03:29:11,0,45.46,1941
2020-08-03 03:29:21,8,45.5,1940
2020-08-03 03:29:31,0,45.5,1940
2020-08-03 03:29:41,0,45.47,1940
2020-08-03 03:29:51,0,45.53,1938
2020-08-03 03:30:01,0,45.5,1939
2020-08-03 03:30:11,0,45.5,1939
2020-08-03 03:30:21,0,45.5,1939
2020-08-03 03:30:31,0,45.49,1940
2020-08-03 03:30:41,0,45.5,1939
2020-08-03 03:30:51,0,45.5,1940
2020-08-03 03:31:01,0,45.49,1940
2020-08-03 03:31:21,0,45.5,1939
2020-08-03 03:31:31,5,45.51,1939
2020-08-03 03:31:41,0,45.54,1939
2020-08-03 03:31:51,0,45.5,1939
2020-08-03 03:32:01,0,45.53,1938
2020-08-03 03:32:11,0,45.53,1939
2020-08-03 03:32:21,0,45.53,1938
2020-08-03 03:32:31,0,45.52,1938
2020-08-03 03:32:41,0,45.53,1938
2020-08-03 03:32:51,0,45.53,1938
2020-08-03 03:33:01,0,45.52,1939
2020-08-03 03:33:11,0,45.52,1939
2020-08-03 03:33:21,2,45.52,1939
2020-08-03 03:33:31,4,45.53,1938
2020-08-03 03:33:41,0,45.51,1939
2020-08-03 03:33:51,0,45.52,1939
2020-08-03 03:34:01,14,45.83,1927
2020-08-03 03:34:11,0,45.51,1939
2020-08-03 03:34:21,0,45.5,1939
2020-08-03 03:34:31,0,45.52,1938
2020-08-03 03:34:41,0,45.53,1938
2020-08-03 03:34:51,4,45.52,1939
2020-08-03 03:35:01,0,45.5,1939
2020-08-03 03:35:11,0,45.52,1939
2020-08-03 03:35:21,0,45.51,1939
2020-08-03 03:35:31,0,45.52,1939
2020-08-03 03:35:41,0,45.49,1940
2020-08-03 03:35:51,4,45.54,1939
2020-08-03 03:36:01,2,45.57,1938
2020-08-03 03:36:11,0,45.53,1938
2020-08-03 03:36:21,0,45.52,1939
2020-08-03 03:36:31,0,45.53,1938
2020-08-03 03:36:41,0,45.54,1939
2020-08-03 03:36:51,4,45.52,1938
2020-08-03 03:37:01,2,45.51,1939
2020-08-03 03:37:11,0,45.52,1939
2020-08-03 03:37:21,0,45.52,1939
2020-08-03 03:37:31,0,45.52,1939
2020-08-03 03:37:41,0,45.51,1939
2020-08-03 03:37:51,0,45.51,1938
2020-08-03 03:38:01,0,45.54,1938
2020-08-03 03:38:11,2,45.52,1938
2020-08-03 03:38:21,0,45.51,1939
2020-08-03 03:38:31,2,45.51,1939
2020-08-03 03:38:41,0,45.53,1938
2020-08-03 03:38:51,4,45.56,1938
2020-08-03 03:39:01,2,45.54,1938
2020-08-03 03:39:11,4,45.58,1937
2020-08-03 03:39:21,7,45.68,1934
2020-08-03 03:39:31,2,45.65,1934
2020-08-03 03:39:51,4,45.74,1931
2020-08-03 03:40:01,5,45.76,1931
2020-08-03 03:40:11,0,45.72,1931
2020-08-03 03:40:21,0,45.96,1923
2020-08-03 03:40:31,2,46.02,1921
2020-08-03 03:40:41,4,46.1,1916
2020-08-03 03:40:51,4,46.15,1916
2020-08-03 03:41:01,0,46.2,1912
2020-08-03 03:41:11,0,46.24,1913
2020-08-03 03:41:21,2,46.24,1913
2020-08-03 03:41:31,2,46.27,1911
2020-08-03 03:41:41,0,46.25,1912
2020-08-03 03:41:51,0,46.26,1912
2020-08-03 03:42:01,0,46.27,1912
2020-08-03 03:42:11,0,46.25,1912
2020-08-03 03:42:21,2,46.23,1913
2020-08-03 03:42:31,4,46.35,1907
2020-08-03 03:42:41,2,46.43,1905
2020-08-03 03:42:51,5,46.48,1904
2020-08-03 03:43:01,0,46.49,1904
2020-08-03 03:43:11,0,46.48,1904
2020-08-03 03:43:21,0,46.52,1901
2020-08-03 03:43:31,2,46.56,1902
2020-08-03 03:43:41,0,46.55,1902
2020-08-03 03:43:51,4,46.56,1901
2020-08-03 03:44:01,4,46.55,1902
2020-08-03 03:44:11,2,46.81,1893
2020-08-03 03:44:22,4,46.87,1890
2020-08-03 03:44:31,0,46.52,1903
2020-08-03 03:44:41,0,46.55,1902
2020-08-03 03:44:51,2,46.54,1903
2020-08-03 03:45:01,0,46.53,1903
2020-08-03 03:45:11,0,46.54,1902
2020-08-03 03:45:21,4,46.54,1902
2020-08-03 03:45:31,0,46.53,1903
2020-08-03 03:45:41,0,46.55,1903
2020-08-03 03:45:51,2,46.51,1903
2020-08-03 03:46:01,5,46.48,1905
2020-08-03 03:46:21,0,46.46,1905
2020-08-03 03:46:31,2,46.46,1905
2020-08-03 03:46:41,0,46.45,1905
2020-08-03 03:46:51,2,46.46,1906
2020-08-03 03:47:01,0,46.45,1906
2020-08-03 03:47:11,0,46.48,1905
2020-08-03 03:47:21,2,46.47,1905
2020-08-03 03:47:31,0,46.39,1907
2020-08-03 03:47:41,0,46.4,1907
2020-08-03 03:47:51,5,46.4,1907
2020-08-03 03:48:01,2,46.39,1908
2020-08-03 03:48:11,0,46.4,1908
2020-08-03 03:48:21,2,46.32,1910
2020-08-03 03:48:31,4,46.31,1910
2020-08-03 03:48:41,0,46.34,1910
2020-08-03 03:48:51,2,46.34,1910
2020-08-03 03:49:01,0,46.33,1910
2020-08-03 03:49:11,0,46.34,1910
2020-08-03 03:49:21,2,46.35,1909
2020-08-03 03:49:31,0,46.65,1899
2020-08-03 03:49:41,0,46.65,1899
2020-08-03 03:49:51,4,46.34,1910
2020-08-03 03:50:01,0,46.31,1911
2020-08-03 03:50:11,0,46.3,1911
2020-08-03 03:50:21,0,46.29,1912
2020-08-03 03:50:31,2,46.27,1912
2020-08-03 03:50:41,0,46.29,1912
2020-08-03 03:50:51,2,46.27,1912
2020-08-03 03:51:11,0,46.25,1913
2020-08-03 03:51:21,0,46.25,1913
2020-08-03 03:51:31,4,46.24,1913
2020-08-03 03:51:41,2,46.27,1913
2020-08-03 03:51:51,2,46.24,1913
2020-08-03 03:52:01,2,46.25,1912
2020-08-03 03:52:11,0,46.24,1913
2020-08-03 03:52:21,4,46.23,1913
2020-08-03 03:52:31,5,46.24,1913
2020-08-03 03:52:41,2,46.25,1913
2020-08-03 03:52:51,0,46.25,1913
2020-08-03 03:53:01,0,46.25,1913
2020-08-03 03:53:11,2,46.2,1915
2020-08-03 03:53:31,0,46.19,1915
2020-08-03 03:53:51,0,46.17,1915
2020-08-03 03:54:02,2,46.18,1915
2020-08-03 03:54:11,4,46.17,1916
2020-08-03 03:54:21,0,46.16,1916
2020-08-03 03:54:41,2,46.18,1915
2020-08-03 03:54:51,2,46.2,1915
2020-08-03 03:55:01,0,46.19,1915
2020-08-03 03:55:11,0,46.19,1915
2020-08-03 03:55:21,7,46.21,1914
2020-08-03 03:55:31,0,46.21,1914
2020-08-03 03:55:41,0,46.24,1914
2020-08-03 03:55:51,8,46.2,1914
2020-08-03 03:56:01,2,46.19,1914
2020-08-03 03:56:11,0,46.2,1914
2020-08-03 03:56:21,2,46.19,1915
2020-08-03 03:56:31,5,46.19,1915
2020-08-03 03:56:41,0,46.19,1915
2020-08-03 03:56:51,0,46.19,1915
2020-08-03 03:57:01,11,46.19,1915
2020-08-03 03:57:11,8,46.16,1916
2020-08-03 03:57:21,7,46.2,1915
2020-08-03 03:57:31,0,46.18,1915
2020-08-03 03:57:41,7,46.18,1916
2020-08-03 03:57:51,4,46.18,1915
2020-08-03 03:58:01,5,46.19,1915
2020-08-03 03:58:11,0,46.19,1915
2020-08-03 03:58:21,7,46.17,1916
2020-08-03 03:58:31,4,46.17,1915
2020-08-03 03:58:41,0,46.17,1916
2020-08-03 03:58:51,2,46.17,1916
2020-08-03 03:59:01,5,46.18,1915
2020-08-03 03:59:11,0,46.17,1915
2020-08-03 03:59:21,8,46.16,1916
2020-08-03 03:59:31,0,46.17,1916
2020-08-03 03:59:41,0,46.11,1917
2020-08-03 03:59:51,7,46.49,1904
2020-08-03 04:00:01,5,46.18,1915
2020-08-03 04:00:11,0,46.18,1915
2020-08-03 04:00:21,0,46.17,1915
2020-08-03 04:00:31,0,46.17,1915
2020-08-03 04:00:41,0,46.19,1915
2020-08-03 04:00:51,0,46.17,1916
2020-08-03 04:01:01,0,46.16,1916
2020-08-03 04:01:11,0,46.16,1916
2020-08-03 04:01:21,0,46.17,1916
2020-08-03 04:01:31,2,46.16,1916
2020-08-03 04:01:41,0,46.16,1916
2020-08-03 04:01:51,2,46.16,1916
2020-08-03 04:02:01,4,46.16,1916
2020-08-03 04:02:11,0,46.17,1916
2020-08-03 04:02:21,4,46.16,1916
2020-08-03 04:02:31,2,46.16,1916
2020-08-03 04:02:41,5,46.19,1915
2020-08-03 04:02:51,4,46.18,1916
2020-08-03 04:03:01,0,46.18,1916
2020-08-03 04:03:11,0,46.19,1915
2020-08-03 04:03:21,5,46.2,1915
2020-08-03 04:03:31,0,46.19,1915
2020-08-03 04:03:41,0,46.17,1916
2020-08-03 04:03:51,4,46.19,1915
2020-08-03 04:04:01,0,46.18,1915
2020-08-03 04:04:11,0,46.18,1915
2020-08-03 04:04:21,2,46.45,1906
2020-08-03 04:04:31,5,46.46,1905
2020-08-03 04:04:51,0,46.45,1906
2020-08-03 04:05:11,0,46.46,1906
2020-08-03 04:05:21,2,46.5,1905
2020-08-03 04:05:31,4,46.51,1904
2020-08-03 04:05:41,0,46.5,1904
2020-08-03 04:05:51,2,46.5,1904
2020-08-03 04:06:01,0,46.5,1904
2020-08-03 04:06:11,0,46.47,1905
2020-08-03 04:06:21,2,46.21,1914
2020-08-03 04:06:31,0,46.21,1914
2020-08-03 04:06:41,0,46.21,1914
2020-08-03 04:06:51,0,46.21,1914
2020-08-03 04:07:01,0,46.19,1915
2020-08-03 04:07:11,0,46.19,1914
2020-08-03 04:07:21,2,46.22,1914
2020-08-03 04:07:31,2,46.19,1915
2020-08-03 04:07:41,2,46.2,1915
2020-08-03 04:07:51,5,46.2,1914
2020-08-03 04:08:01,4,46.22,1914
2020-08-03 04:08:11,2,46.21,1914
2020-08-03 04:08:21,8,46.39,1908
2020-08-03 04:08:41,0,46.41,1907
2020-08-03 04:08:51,0,46.39,1908
2020-08-03 04:09:01,7,46.39,1908
2020-08-03 04:09:11,5,46.39,1907
2020-08-03 04:09:21,2,46.44,1906
2020-08-03 04:09:31,5,46.43,1906
2020-08-03 04:09:41,0,46.4,1907
2020-08-03 04:09:51,5,46.42,1906
2020-08-03 04:10:01,7,46.46,1905
2020-08-03 04:10:11,0,46.46,1906
2020-08-03 04:10:21,5,46.44,1906
2020-08-03 04:10:31,2,46.43,1906
2020-08-03 04:10:41,5,46.46,1905
2020-08-03 04:10:51,7,46.45,1906
2020-08-03 04:11:01,0,46.45,1906
2020-08-03 04:11:11,4,46.43,1906
2020-08-03 04:11:21,2,46.44,1906
2020-08-03 04:11:31,5,46.43,1906
2020-08-03 04:11:41,0,46.48,1905
2020-08-03 04:11:51,0,46.45,1906
2020-08-03 04:12:01,2,46.43,1906
2020-08-03 04:12:11,0,46.43,1906
2020-08-03 04:12:21,4,46.42,1907
2020-08-03 04:12:31,0,46.43,1906
2020-08-03 04:12:41,0,46.43,1906
2020-08-03 04:12:51,0,46.43,1907
2020-08-03 04:13:01,0,46.41,1907
2020-08-03 04:13:11,0,46.44,1907
2020-08-03 04:13:21,14,46.41,1907
2020-08-03 04:13:31,0,46.39,1908
2020-08-03 04:13:41,0,46.4,1908
2020-08-03 04:13:51,0,46.39,1908
2020-08-03 04:14:01,0,46.38,1908
2020-08-03 04:14:11,4,46.39,1908
2020-08-03 04:14:21,2,46.39,1908
2020-08-03 04:14:31,0,46.4,1907
2020-08-03 04:14:42,14,46.44,1907
2020-08-03 04:14:51,0,45.93,1924
2020-08-03 04:15:01,8,46.26,1912
2020-08-03 04:15:11,0,45.95,1923
2020-08-03 04:15:21,2,45.98,1923
2020-08-03 04:15:31,2,45.98,1923
2020-08-03 04:15:41,0,45.94,1924
2020-08-03 04:15:51,7,45.95,1924
2020-08-03 04:16:01,0,45.94,1924
2020-08-03 04:16:11,0,45.94,1924
2020-08-03 04:16:21,0,45.96,1923
2020-08-03 04:16:31,0,45.97,1923
2020-08-03 04:16:41,0,45.96,1923
2020-08-03 04:16:51,4,46.52,1904
2020-08-03 04:17:01,2,46.06,1919
2020-08-03 04:17:11,0,46.06,1919
2020-08-03 04:17:21,0,46.1,1919
2020-08-03 04:17:31,0,46.08,1919
2020-08-03 04:17:41,0,46.21,1915
2020-08-03 04:17:51,0,46.2,1915
2020-08-03 04:18:01,0,46.19,1915
2020-08-03 04:18:11,0,46.18,1915
2020-08-03 04:18:21,0,46.17,1916
2020-08-03 04:18:31,0,46.17,1916
2020-08-03 04:18:41,0,46.18,1915
2020-08-03 04:19:01,0,46.15,1916
2020-08-03 04:19:11,0,46.16,1916
2020-08-03 04:19:21,2,46.16,1915
2020-08-03 04:19:31,0,46.19,1915
2020-08-03 04:19:41,0,46.18,1915
2020-08-03 04:19:51,0,46.19,1915
2020-08-03 04:20:01,0,46.24,1914
2020-08-03 04:20:11,0,46.22,1913
2020-08-03 04:20:21,0,46.22,1914
2020-08-03 04:20:31,0,46.23,1914
2020-08-03 04:20:41,0,46.25,1913
2020-08-03 04:20:51,0,46.23,1914
2020-08-03 04:21:01,0,46.2,1914
2020-08-03 04:21:11,0,46.22,1914
2020-08-03 04:21:21,4,46.25,1913
2020-08-03 04:21:31,0,46.24,1913
2020-08-03 04:21:41,2,46.33,1910
2020-08-03 04:21:51,0,46.34,1910
2020-08-03 04:22:01,0,46.34,1909
2020-08-03 04:22:11,0,46.34,1910
2020-08-03 04:22:21,0,46.35,1909
2020-08-03 04:22:31,0,46.34,1910
2020-08-03 04:22:41,0,46.34,1910
2020-08-03 04:22:51,0,46.33,1910
2020-08-03 04:23:01,0,46.33,1910
2020-08-03 04:23:11,0,46.34,1909
2020-08-03 04:23:21,10,46.34,1909
2020-08-03 04:23:31,2,46.54,1903
2020-08-03 04:23:41,0,46.55,1902
2020-08-03 04:23:51,0,46.56,1902
2020-08-03 04:24:01,0,46.54,1902
2020-08-03 04:24:11,0,46.55,1902
2020-08-03 04:24:31,4,46.54,1902
2020-08-03 04:24:41,2,46.55,1902
2020-08-03 04:24:51,0,46.55,1902
2020-08-03 04:25:01,7,46.54,1902
2020-08-03 04:25:11,0,46.81,1893
2020-08-03 04:25:21,0,46.89,1890
2020-08-03 04:25:31,0,46.61,1900
2020-08-03 04:25:51,2,46.6,1900
2020-08-03 04:26:01,0,46.62,1900
2020-08-03 04:26:11,0,46.62,1900
2020-08-03 04:26:21,2,46.59,1901
2020-08-03 04:26:31,4,46.59,1901
2020-08-03 04:26:41,0,46.59,1901
2020-08-03 04:26:51,5,46.58,1901
2020-08-03 04:27:01,2,46.56,1901
2020-08-03 04:27:11,4,46.7,1897
2020-08-03 04:27:21,4,46.73,1896
2020-08-03 04:27:31,2,46.86,1889
2020-08-03 04:27:41,7,46.9,1889
2020-08-03 04:27:51,0,46.92,1888
2020-08-03 04:28:01,5,47.11,1882
2020-08-03 04:28:11,0,47.16,1880
2020-08-03 04:28:21,5,47.16,1880
2020-08-03 04:28:31,5,47.15,1880
2020-08-03 04:28:41,0,47.16,1880
2020-08-03 04:28:51,2,47.14,1881
2020-08-03 04:29:01,4,47.13,1881
2020-08-03 04:29:11,0,47.13,1881
2020-08-03 04:29:21,8,47.14,1880
2020-08-03 04:29:31,0,47.15,1880
2020-08-03 04:29:41,0,47.13,1881
2020-08-03 04:29:51,2,47.14,1881
2020-08-03 04:30:01,4,47.14,1880
2020-08-03 04:30:11,0,47.15,1880
2020-08-03 04:30:21,5,47.16,1880
2020-08-03 04:30:31,13,47.37,1872
2020-08-03 04:30:41,2,47.46,1869
2020-08-03 04:30:51,4,47.15,1881
2020-08-03 04:31:01,0,47.21,1879
2020-08-03 04:31:11,0,47.21,1879
2020-08-03 04:31:21,2,47.23,1878
2020-08-03 04:31:31,11,47.22,1878
2020-08-03 04:31:41,0,47.21,1879
2020-08-03 04:31:51,0,47.23,1878
2020-08-03 04:32:01,5,47.24,1878
2020-08-03 04:32:11,2,47.23,1878
2020-08-03 04:32:21,7,47.24,1878
2020-08-03 04:32:31,4,47.23,1878
2020-08-03 04:32:41,2,47.22,1878
2020-08-03 04:32:51,2,47.22,1879
2020-08-03 04:33:01,0,47.21,1879
2020-08-03 04:33:21,2,47.23,1878
2020-08-03 04:33:31,0,47.22,1878
2020-08-03 04:33:41,0,47.19,1879
2020-08-03 04:33:51,4,47.21,1879
2020-08-03 04:34:01,0,47.21,1879
2020-08-03 04:34:11,0,47.21,1879
2020-08-03 04:34:21,8,47.18,1879
2020-08-03 04:34:31,4,47.19,1879
2020-08-03 04:34:41,7,47.18,1880
2020-08-03 04:34:51,2,47.2,1880
2020-08-03 04:35:01,2,47.19,1879
2020-08-03 04:35:11,2,47.19,1879
2020-08-03 04:35:21,0,47.22,1879
2020-08-03 04:35:31,4,47.21,1879
2020-08-03 04:35:41,0,47.19,1879
2020-08-03 04:35:51,4,47.48,1867
2020-08-03 04:36:01,2,47.23,1878
2020-08-03 04:36:11,0,47.21,1879
2020-08-03 04:36:21,0,47.23,1879
2020-08-03 04:36:31,7,47.21,1879
2020-08-03 04:36:41,0,47.21,1879
2020-08-03 04:36:51,2,47.19,1880
2020-08-03 04:37:01,0,47.19,1880
2020-08-03 04:37:11,0,47.2,1879
2020-08-03 04:37:21,0,47.19,1879
2020-08-03 04:37:31,2,47.19,1880
2020-08-03 04:37:41,0,47.16,1880
2020-08-03 04:37:51,5,47.23,1879
2020-08-03 04:38:01,0,47.22,1879
2020-08-03 04:38:11,0,47.22,1878
2020-08-03 04:38:21,0,47.22,1879
2020-08-03 04:38:31,0,47.23,1878
2020-08-03 04:38:41,0,47.22,1878
2020-08-03 04:38:51,0,47.22,1878
2020-08-03 04:39:01,0,47.22,1879
2020-08-03 04:39:11,0,47.22,1878
2020-08-03 04:39:21,0,47.27,1877
2020-08-03 04:39:31,2,47.27,1877
2020-08-03 04:39:41,2,47.22,1878
2020-08-03 04:39:51,4,47.23,1878
2020-08-03 04:40:01,5,47.22,1879
2020-08-03 04:40:11,0,47.21,1879
2020-08-03 04:40:21,0,47.23,1879
2020-08-03 04:40:31,0,47.21,1879
2020-08-03 04:40:41,0,47.21,1878
2020-08-03 04:40:51,0,47.21,1879
2020-08-03 04:41:01,4,47.52,1867
2020-08-03 04:41:11,2,47.28,1878
2020-08-03 04:41:21,0,47.2,1879
2020-08-03 04:41:31,0,47.2,1879
2020-08-03 04:41:41,0,47.17,1880
2020-08-03 04:41:51,0,47.19,1880
2020-08-03 04:42:01,0,47.18,1880
2020-08-03 04:42:11,2,47.18,1880
2020-08-03 04:42:21,0,47.17,1881
2020-08-03 04:42:31,0,47.16,1880
2020-08-03 04:42:41,0,47.17,1880
2020-08-03 04:42:51,2,47.14,1881
2020-08-03 04:43:01,0,47.14,1881
2020-08-03 04:43:11,2,47.13,1881
2020-08-03 04:43:21,0,47.23,1877
2020-08-03 04:43:31,0,47.22,1878
2020-08-03 04:43:41,0,47.2,1879
2020-08-03 04:43:51,0,47.2,1879
2020-08-03 04:44:01,0,47.2,1879
2020-08-03 04:44:11,0,47.19,1879
2020-08-03 04:44:21,2,47.18,1880
2020-08-03 04:44:31,0,47.18,1880
2020-08-03 04:44:41,0,47.19,1880
2020-08-03 04:44:51,0,47.18,1880
2020-08-03 04:45:01,0,47.13,1882
2020-08-03 04:45:11,0,47.14,1881
2020-08-03 04:45:21,0,47.16,1880
2020-08-03 04:45:31,2,47.16,1880
2020-08-03 04:45:41,5,47.15,1880
2020-08-03 04:45:51,0,47.16,1881
2020-08-03 04:46:01,0,47.16,1880
2020-08-03 04:46:11,0,47.17,1880
2020-08-03 04:46:21,2,47.45,1870
2020-08-03 04:46:31,2,47.17,1880
2020-08-03 04:46:41,0,47.18,1880
2020-08-03 04:46:51,2,47.16,1881
2020-08-03 04:47:01,0,47.15,1881
2020-08-03 04:47:11,0,47.14,1875
2020-08-03 04:47:21,0,47.37,1872
2020-08-03 04:47:31,5,47.37,1873
2020-08-03 04:47:41,4,47.37,1873
2020-08-03 04:47:51,0,47.4,1871
2020-08-03 04:48:01,0,47.41,1871
2020-08-03 04:48:11,0,47.41,1871
2020-08-03 04:48:21,2,47.36,1873
2020-08-03 04:48:31,7,47.36,1873
2020-08-03 04:48:41,0,47.37,1873
2020-08-03 04:48:51,2,47.34,1874
2020-08-03 04:49:01,0,47.3,1876
2020-08-03 04:49:11,0,47.3,1876
2020-08-03 04:49:21,0,47.31,1875
2020-08-03 04:49:31,0,47.31,1875
2020-08-03 04:49:41,0,47.29,1876
2020-08-03 04:49:51,0,47.32,1875
2020-08-03 04:50:01,0,47.35,1875
2020-08-03 04:50:11,0,47.3,1875
2020-08-03 04:50:21,0,47.3,1876
2020-08-03 04:50:31,0,47.3,1876
2020-08-03 04:50:41,0,47.3,1875
2020-08-03 04:50:51,2,47.26,1877
2020-08-03 04:51:01,5,47.28,1877
2020-08-03 04:51:11,0,47.29,1877
2020-08-03 04:51:21,0,47.28,1876
2020-08-03 04:51:31,5,47.51,1865
2020-08-03 04:51:41,2,47.24,1877
2020-08-03 04:51:51,4,47.31,1876
2020-08-03 04:52:01,10,47.31,1875
2020-08-03 04:52:11,5,47.3,1875
2020-08-03 04:52:21,4,47.29,1876
2020-08-03 04:52:31,2,47.3,1875
2020-08-03 04:52:41,0,47.31,1875
2020-08-03 04:52:51,0,47.29,1876
2020-08-03 04:53:01,0,47.26,1876
2020-08-03 04:53:11,0,47.28,1876
2020-08-03 04:53:21,0,47.31,1876
2020-08-03 04:53:31,5,47.28,1876
2020-08-03 04:53:41,0,47.28,1877
2020-08-03 04:53:51,4,47.27,1876
2020-08-03 04:54:01,4,47.27,1876
2020-08-03 04:54:11,5,47.29,1876
2020-08-03 04:54:21,4,47.27,1877
2020-08-03 04:54:31,0,47.27,1877
2020-08-03 04:54:41,0,47.29,1876
2020-08-03 04:54:51,0,47.26,1877
2020-08-03 04:55:01,0,47.25,1877
2020-08-03 04:55:11,5,47.26,1877
2020-08-03 04:55:21,2,47.29,1876
2020-08-03 04:55:31,2,47.28,1876
2020-08-03 04:55:41,0,47.28,1876
2020-08-03 04:55:51,0,47.28,1876
2020-08-03 04:56:01,0,47.3,1876
2020-08-03 04:56:11,0,47.29,1876
2020-08-03 04:56:21,7,47.28,1876
2020-08-03 04:56:31,4,47.27,1876
2020-08-03 04:56:41,0,47.56,1865
2020-08-03 04:56:51,2,47.34,1875
2020-08-03 04:57:01,4,47.29,1875
2020-08-03 04:57:11,0,47.32,1875
2020-08-03 04:57:21,4,47.32,1875
2020-08-03 04:57:31,2,47.36,1874
2020-08-03 04:57:41,4,47.34,1875
2020-08-03 04:57:51,0,47.35,1874
2020-08-03 04:58:01,0,47.39,1873
2020-08-03 04:58:11,0,47.37,1873
2020-08-03 04:58:21,0,47.36,1873
2020-08-03 04:58:31,0,47.35,1874
2020-08-03 04:58:41,0,47.35,1874
2020-08-03 04:58:51,4,47.35,1874
2020-08-03 04:59:01,0,47.31,1875
2020-08-03 04:59:11,0,47.33,1874
2020-08-03 04:59:21,0,47.41,1871
2020-08-03 04:59:31,13,47.75,1858
2020-08-03 04:59:42,0,48.07,1847
2020-08-03 04:59:52,0,48.13,1845
2020-08-03 05:00:01,2,48.22,1841
2020-08-03 05:00:11,5,48.28,1840
2020-08-03 05:00:22,2,48.42,1834
2020-08-03 05:00:31,16,48.63,1827
2020-08-03 05:00:42,2,48.71,1825
2020-08-03 05:00:52,7,48.74,1823
2020-08-03 05:01:01,4,48.78,1821
2020-08-03 05:01:11,0,48.8,1821
2020-08-03 05:01:21,0,48.83,1820
2020-08-03 05:01:31,0,48.84,1820
2020-08-03 05:01:41,0,48.82,1820
2020-08-03 05:01:51,0,48.83,1820
2020-08-03 05:02:01,0,49.17,1809
2020-08-03 05:02:11,4,48.77,1824
2020-08-03 05:02:21,0,48.73,1825
2020-08-03 05:02:31,0,48.72,1825
2020-08-03 05:02:41,0,48.74,1825
2020-08-03 05:02:51,0,48.71,1825
2020-08-03 05:03:01,0,48.71,1826
2020-08-03 05:03:11,0,48.71,1825
2020-08-03 05:03:21,0,48.71,1825
2020-08-03 05:03:31,0,48.71,1825
2020-08-03 05:03:41,0,48.7,1826
2020-08-03 05:03:51,2,48.71,1826
2020-08-03 05:04:01,0,48.71,1825
2020-08-03 05:04:11,0,48.71,1826
2020-08-03 05:04:21,2,48.7,1825
2020-08-03 05:04:31,0,48.7,1826
2020-08-03 05:04:41,0,48.69,1826
2020-08-03 05:04:51,5,48.69,1826
2020-08-03 05:05:01,4,48.69,1826
2020-08-03 05:05:11,0,48.68,1826
2020-08-03 05:05:21,2,48.72,1825
2020-08-03 05:05:31,8,48.71,1826
2020-08-03 05:05:41,0,48.7,1826
2020-08-03 05:05:51,4,48.69,1826
2020-08-03 05:06:01,11,48.7,1826
2020-08-03 05:06:11,0,48.96,1816
2020-08-03 05:06:31,0,48.91,1818
2020-08-03 05:06:41,0,48.91,1818
2020-08-03 05:06:51,4,48.91,1819
2020-08-03 05:07:01,7,48.91,1819
2020-08-03 05:07:11,2,48.9,1818
2020-08-03 05:07:21,5,48.92,1818
2020-08-03 05:07:31,0,49.03,1814
2020-08-03 05:07:41,8,49.02,1815
2020-08-03 05:07:51,0,49.06,1814
2020-08-03 05:08:01,0,49.08,1813
2020-08-03 05:08:11,0,48.82,1822
2020-08-03 05:08:21,0,48.79,1822
2020-08-03 05:08:31,7,48.8,1822
2020-08-03 05:08:41,0,48.81,1822
2020-08-03 05:08:51,0,48.78,1823
2020-08-03 05:09:01,0,48.76,1823
2020-08-03 05:09:11,0,48.77,1823
2020-08-03 05:09:21,0,48.82,1822
2020-08-03 05:09:31,4,48.79,1823
2020-08-03 05:09:41,0,48.77,1823
2020-08-03 05:09:51,0,48.81,1822
2020-08-03 05:10:01,2,48.81,1822
2020-08-03 05:10:11,4,48.79,1822
2020-08-03 05:10:21,0,48.81,1822
2020-08-03 05:10:31,4,48.81,1822
2020-08-03 05:10:41,4,48.83,1821
2020-08-03 05:10:51,5,48.81,1822
2020-08-03 05:11:01,0,48.8,1822
2020-08-03 05:11:11,2,48.8,1822
2020-08-03 05:11:21,0,48.82,1822
2020-08-03 05:11:31,0,48.8,1822
2020-08-03 05:11:41,4,48.8,1822
2020-08-03 05:11:51,0,48.84,1822
2020-08-03 05:12:01,2,48.81,1822
2020-08-03 05:12:11,0,48.81,1822
2020-08-03 05:12:21,0,49.1,1810
2020-08-03 05:12:31,0,49.11,1810
2020-08-03 05:12:41,0,48.83,1821
2020-08-03 05:12:51,8,48.81,1822
2020-08-03 05:13:01,2,48.8,1823
2020-08-03 05:13:11,0,48.79,1823
2020-08-03 05:13:21,0,48.78,1823
2020-08-03 05:13:31,0,48.89,1819
2020-08-03 05:13:41,0,48.89,1819
2020-08-03 05:13:51,5,48.91,1819
2020-08-03 05:14:01,4,48.91,1818
2020-08-03 05:14:11,11,48.9,1819
2020-08-03 05:14:21,5,48.89,1819
2020-08-03 05:14:32,2,48.88,1819
2020-08-03 05:14:41,0,48.89,1819
2020-08-03 05:14:51,0,48.9,1819
2020-08-03 05:15:01,2,48.9,1819
2020-08-03 05:15:11,0,48.9,1819
2020-08-03 05:15:21,2,48.9,1818
2020-08-03 05:15:31,4,48.9,1819
2020-08-03 05:15:41,0,48.89,1819
2020-08-03 05:15:51,0,48.92,1818
2020-08-03 05:16:11,4,48.91,1818
2020-08-03 05:16:21,2,48.92,1818
2020-08-03 05:16:31,4,48.92,1818
2020-08-03 05:16:41,0,48.92,1818
2020-08-03 05:16:51,0,48.9,1819
2020-08-03 05:17:11,4,48.91,1818
2020-08-03 05:17:21,5,48.9,1818
2020-08-03 05:17:31,0,48.91,1818
2020-08-03 05:17:41,0,49.14,1808
2020-08-03 05:17:51,5,49.21,1807
2020-08-03 05:18:01,5,48.94,1817
2020-08-03 05:18:11,2,48.95,1817
2020-08-03 05:18:21,10,48.94,1818
2020-08-03 05:18:31,0,48.93,1817
2020-08-03 05:18:41,5,48.94,1817
2020-08-03 05:18:51,5,48.91,1818
2020-08-03 05:19:01,8,48.91,1818
2020-08-03 05:19:11,0,48.93,1818
2020-08-03 05:19:21,0,48.93,1817
2020-08-03 05:19:31,4,48.94,1818
2020-08-03 05:19:41,4,48.91,1818
2020-08-03 05:19:51,2,48.92,1818
2020-08-03 05:20:01,0,48.92,1818
2020-08-03 05:20:11,4,48.93,1818
2020-08-03 05:20:21,5,48.9,1819
2020-08-03 05:20:31,0,48.92,1818
2020-08-03 05:20:41,0,48.92,1818
2020-08-03 05:20:51,2,48.91,1818
2020-08-03 05:21:01,5,48.9,1819
2020-08-03 05:21:11,5,48.92,1818
2020-08-03 05:21:21,11,48.92,1818
2020-08-03 05:21:31,8,48.95,1818
2020-08-03 05:21:41,16,48.94,1817
2020-08-03 05:21:51,0,48.93,1817
2020-08-03 05:22:01,2,48.93,1817
2020-08-03 05:22:11,0,48.95,1817
2020-08-03 05:22:21,4,48.92,1818
2020-08-03 05:22:31,8,48.93,1818
2020-08-03 05:22:41,10,48.93,1818
2020-08-03 05:22:51,2,48.93,1818
2020-08-03 05:23:01,7,48.93,1817
2020-08-03 05:23:11,8,48.93,1818
2020-08-03 05:23:31,4,48.94,1818
2020-08-03 05:23:41,0,48.93,1818
2020-08-03 05:23:51,0,48.93,1817
2020-08-03 05:24:01,0,48.92,1818
2020-08-03 05:24:11,2,48.92,1818
2020-08-03 05:24:21,5,48.92,1818
2020-08-03 05:24:31,7,48.9,1819
2020-08-03 05:24:41,5,48.89,1819
2020-08-03 05:24:51,0,48.92,1819
2020-08-03 05:25:01,4,48.91,1818
2020-08-03 05:25:11,4,48.91,1818
2020-08-03 05:25:21,4,48.92,1818
2020-08-03 05:25:31,2,48.91,1818
2020-08-03 05:25:41,0,48.91,1818
2020-08-03 05:25:51,5,48.93,1818
2020-08-03 05:26:01,2,48.92,1818
2020-08-03 05:26:11,2,48.92,1818
2020-08-03 05:26:21,7,48.9,1819
2020-08-03 05:26:31,7,48.9,1819
2020-08-03 05:26:41,7,48.89,1819
2020-08-03 05:26:51,2,48.88,1820
2020-08-03 05:27:01,2,48.85,1820
2020-08-03 05:27:11,0,48.86,1820
2020-08-03 05:27:21,5,48.88,1820
2020-08-03 05:27:31,4,48.94,1817
2020-08-03 05:27:41,0,48.94,1818
2020-08-03 05:27:51,7,48.93,1817
2020-08-03 05:28:01,10,49.21,1806
2020-08-03 05:28:11,2,48.96,1816
2020-08-03 05:28:21,5,48.95,1818
2020-08-03 05:28:31,5,48.95,1817
2020-08-03 05:28:41,4,48.96,1817
2020-08-03 05:28:51,5,48.94,1817
2020-08-03 05:29:01,7,48.94,1817
2020-08-03 05:29:11,0,48.94,1817
2020-08-03 05:29:21,8,48.95,1817
2020-08-03 05:29:31,7,48.96,1817
2020-08-03 05:29:41,5,48.94,1817
2020-08-03 05:29:51,4,48.96,1817
2020-08-03 05:30:01,4,48.95,1817
2020-08-03 05:30:11,4,48.94,1817
2020-08-03 05:30:21,5,48.92,1818
2020-08-03 05:30:31,4,48.93,1817
2020-08-03 05:30:41,0,48.94,1816
2020-08-03 05:30:51,8,48.95,1817
2020-08-03 05:31:01,14,48.95,1817
2020-08-03 05:31:11,4,48.93,1817
2020-08-03 05:31:21,4,48.93,1817
2020-08-03 05:31:31,7,48.92,1818
2020-08-03 05:31:41,8,48.88,1819
2020-08-03 05:31:51,10,48.95,1818
2020-08-03 05:32:01,5,48.93,1818
2020-08-03 05:32:11,4,48.93,1817
2020-08-03 05:32:21,5,48.96,1817
2020-08-03 05:32:31,0,49.1,1811
2020-08-03 05:32:41,2,49.12,1811
2020-08-03 05:32:51,7,49.11,1811
2020-08-03 05:33:01,0,49.09,1811
2020-08-03 05:33:11,0,49.35,1802
2020-08-03 05:33:21,2,49.12,1811
2020-08-03 05:33:31,5,49.11,1811
2020-08-03 05:33:41,0,49.12,1810
2020-08-03 05:33:51,10,49.11,1811
2020-08-03 05:34:01,0,49.1,1811
2020-08-03 05:34:11,0,49.1,1812
2020-08-03 05:34:21,0,49.09,1812
2020-08-03 05:34:31,4,49.08,1812
2020-08-03 05:34:41,5,49.09,1811
2020-08-03 05:34:51,2,49.11,1812
2020-08-03 05:35:01,5,49.09,1812
2020-08-03 05:35:11,4,49.1,1812
2020-08-03 05:35:21,0,49.11,1811
2020-08-03 05:35:31,0,49.11,1811
2020-08-03 05:35:41,0,49.09,1812
2020-08-03 05:35:51,2,49.09,1812
2020-08-03 05:36:01,0,49.01,1815
2020-08-03 05:36:11,2,48.99,1815
2020-08-03 05:36:21,2,48.96,1816
2020-08-03 05:36:31,10,48.97,1816
2020-08-03 05:36:41,5,48.93,1817
2020-08-03 05:36:51,2,48.93,1818
2020-08-03 05:37:01,4,48.93,1817
2020-08-03 05:37:11,8,48.94,1817
2020-08-03 05:37:21,2,48.97,1817
2020-08-03 05:37:31,2,48.95,1817
2020-08-03 05:37:41,0,48.93,1818
2020-08-03 05:37:51,4,49.06,1813
2020-08-03 05:38:01,24,49.05,1814
2020-08-03 05:38:11,0,49.06,1813
2020-08-03 05:38:21,11,49.02,1814
2020-08-03 05:38:31,5,49.03,1814
2020-08-03 05:38:41,7,49.04,1814
2020-08-03 05:38:51,2,49.03,1814
2020-08-03 05:39:01,0,49.03,1814
2020-08-03 05:39:11,0,49.05,1814
2020-08-03 05:39:21,2,49.09,1812
2020-08-03 05:39:31,0,49.06,1813
2020-08-03 05:39:41,2,49.05,1813
2020-08-03 05:39:51,7,49.05,1813
2020-08-03 05:40:01,7,49.06,1813
2020-08-03 05:40:11,2,49.07,1813
2020-08-03 05:40:21,0,48.99,1815
2020-08-03 05:40:31,2,49,1815
2020-08-03 05:40:41,0,49,1815
2020-08-03 05:40:51,2,48.99,1816
2020-08-03 05:41:01,0,48.93,1818
2020-08-03 05:41:11,0,48.93,1818
2020-08-03 05:41:21,2,48.95,1817
2020-08-03 05:41:31,0,48.92,1818
2020-08-03 05:41:41,0,48.89,1819
2020-08-03 05:41:51,0,48.89,1819
2020-08-03 05:42:01,0,48.91,1818
2020-08-03 05:42:11,0,48.9,1818
2020-08-03 05:42:21,0,48.88,1819
2020-08-03 05:42:31,2,48.85,1820
2020-08-03 05:42:41,0,48.87,1820
2020-08-03 05:42:51,2,48.88,1820
2020-08-03 05:43:01,4,48.87,1819
2020-08-03 05:43:11,0,48.89,1819
2020-08-03 05:43:21,0,49.38,1801
2020-08-03 05:43:31,0,49.1,1812
2020-08-03 05:43:41,0,49.08,1812
2020-08-03 05:43:51,0,49.1,1812
2020-08-03 05:44:01,2,49.1,1811
2020-08-03 05:44:11,2,48.96,1816
2020-08-03 05:44:21,2,48.99,1816
2020-08-03 05:44:31,0,48.98,1815
2020-08-03 05:44:41,4,48.98,1815
2020-08-03 05:44:51,5,49,1816
2020-08-03 05:45:01,2,48.98,1816
2020-08-03 05:45:11,0,48.98,1815
2020-08-03 05:45:21,0,49.01,1815
2020-08-03 05:45:31,2,48.97,1816
2020-08-03 05:45:41,4,48.97,1816
2020-08-03 05:45:51,0,48.96,1816
2020-08-03 05:46:01,0,48.97,1816
2020-08-03 05:46:11,0,49.01,1816
2020-08-03 05:46:21,0,48.97,1816
2020-08-03 05:46:31,0,48.97,1816
2020-08-03 05:46:41,0,48.98,1816
2020-08-03 05:46:51,4,48.97,1816
2020-08-03 05:47:01,4,48.95,1816
2020-08-03 05:47:11,0,48.93,1818
2020-08-03 05:47:21,0,48.94,1817
2020-08-03 05:47:31,0,48.95,1817
2020-08-03 05:47:41,0,48.95,1817
2020-08-03 05:47:51,2,48.95,1817
2020-08-03 05:48:01,2,48.94,1817
2020-08-03 05:48:11,0,48.94,1817
2020-08-03 05:48:21,4,48.94,1818
2020-08-03 05:48:31,8,48.94,1817
2020-08-03 05:48:41,0,48.94,1817
2020-08-03 05:48:51,2,48.93,1818
2020-08-03 05:49:01,0,48.94,1818
2020-08-03 05:49:11,0,48.89,1819
2020-08-03 05:49:21,4,48.92,1819
2020-08-03 05:49:31,2,48.89,1819
2020-08-03 05:49:41,2,48.88,1819
2020-08-03 05:50:01,0,48.89,1819
2020-08-03 05:50:11,0,48.9,1819
2020-08-03 05:50:21,0,48.88,1820
2020-08-03 05:50:31,0,48.88,1819
2020-08-03 05:50:41,0,48.85,1821
2020-08-03 05:50:51,2,48.82,1822
2020-08-03 05:51:01,2,48.84,1821
2020-08-03 05:51:11,0,48.87,1820
2020-08-03 05:51:21,0,48.86,1820
2020-08-03 05:51:31,2,48.84,1820
2020-08-03 05:51:41,5,48.83,1821
2020-08-03 05:51:51,0,48.96,1817
2020-08-03 05:52:01,2,48.95,1817
2020-08-03 05:52:11,2,48.95,1817
2020-08-03 05:52:21,2,48.94,1817
2020-08-03 05:52:31,0,49.05,1814
2020-08-03 05:52:41,5,49.03,1814
2020-08-03 05:52:51,8,49.03,1814
2020-08-03 05:53:01,4,49.02,1815
2020-08-03 05:53:11,0,49.04,1814
2020-08-03 05:53:21,0,49.04,1814
2020-08-03 05:53:31,0,49.33,1802
2020-08-03 05:53:41,0,49.02,1814
2020-08-03 05:53:51,0,49.06,1813
2020-08-03 05:54:01,0,49.06,1813
2020-08-03 05:54:11,0,49.05,1813
2020-08-03 05:54:21,0,49.03,1814
2020-08-03 05:54:31,0,49.04,1814
2020-08-03 05:54:41,0,49.07,1813
2020-08-03 05:54:51,0,49.04,1813
2020-08-03 05:55:01,2,49.05,1814
2020-08-03 05:55:11,4,49.04,1814
2020-08-03 05:55:21,4,49.06,1814
2020-08-03 05:55:31,2,49.03,1814
2020-08-03 05:55:41,0,49.03,1814
2020-08-03 05:55:51,0,49.06,1813
2020-08-03 05:56:01,2,49.07,1813
2020-08-03 05:56:11,5,49.07,1813
2020-08-03 05:56:21,2,49.06,1813
2020-08-03 05:56:31,2,49.06,1813
2020-08-03 05:56:41,0,49.05,1813
2020-08-03 05:56:51,0,49.05,1813
2020-08-03 05:57:01,2,49.04,1813
2020-08-03 05:57:11,0,49.05,1813
2020-08-03 05:57:21,2,49.06,1813
2020-08-03 05:57:31,0,49.15,1810
2020-08-03 05:57:41,0,49.27,1805
2020-08-03 05:57:51,2,49.3,1804
2020-08-03 05:58:01,0,49.31,1803
2020-08-03 05:58:11,0,49.33,1803
2020-08-03 05:58:21,8,49.31,1804
2020-08-03 05:58:31,0,49.31,1803
2020-08-03 05:58:41,0,49.56,1794
2020-08-03 05:58:51,4,49.35,1803
2020-08-03 05:59:02,0,49.33,1803
2020-08-03 05:59:11,5,49.34,1803
2020-08-03 05:59:21,8,49.36,1803
2020-08-03 05:59:31,2,49.33,1803
2020-08-03 05:59:41,0,49.35,1803
2020-08-03 05:59:51,0,49.35,1803
2020-08-03 06:00:01,0,49.35,1803
2020-08-03 06:00:11,0,49.35,1802
2020-08-03 06:00:21,0,49.6,1794
2020-08-03 06:00:31,4,49.59,1794
2020-08-03 06:00:41,2,49.59,1794
2020-08-03 06:00:51,2,49.57,1795
2020-08-03 06:01:01,2,49.56,1795
2020-08-03 06:01:11,0,49.57,1795
2020-08-03 06:01:21,2,49.58,1794
2020-08-03 06:01:31,0,49.57,1794
2020-08-03 06:01:41,0,49.57,1794
2020-08-03 06:01:51,4,49.58,1795
2020-08-03 06:02:01,7,49.58,1794
2020-08-03 06:02:11,4,49.57,1794
2020-08-03 06:02:21,5,49.31,1804
2020-08-03 06:02:31,8,49.33,1804
2020-08-03 06:02:41,5,49.33,1803
2020-08-03 06:02:51,4,49.32,1804
2020-08-03 06:03:01,5,49.32,1804
2020-08-03 06:03:11,0,49.33,1803
2020-08-03 06:03:21,4,49.34,1803
2020-08-03 06:03:31,2,49.35,1803
2020-08-03 06:03:41,2,49.33,1804
2020-08-03 06:03:51,2,49.66,1791
2020-08-03 06:04:01,0,49.36,1802
2020-08-03 06:04:11,2,49.35,1802
2020-08-03 06:04:21,4,49.36,1803
2020-08-03 06:04:31,0,49.37,1802
2020-08-03 06:04:41,2,49.39,1802
2020-08-03 06:04:51,5,49.36,1802
2020-08-03 06:05:01,7,49.61,1793
2020-08-03 06:05:11,7,49.61,1793
2020-08-03 06:05:21,2,49.62,1792
2020-08-03 06:05:31,5,49.61,1793
2020-08-03 06:05:41,4,49.62,1793
2020-08-03 06:05:51,7,49.62,1793
2020-08-03 06:06:01,10,49.62,1793
2020-08-03 06:06:11,10,49.54,1796
2020-08-03 06:06:21,2,49.49,1798
2020-08-03 06:06:31,5,49.49,1797
2020-08-03 06:06:41,0,49.5,1797
2020-08-03 06:06:51,2,49.5,1798
2020-08-03 06:07:01,0,49.46,1799
2020-08-03 06:07:11,7,49.46,1799
2020-08-03 06:07:21,4,49.42,1800
2020-08-03 06:07:31,5,49.36,1802
2020-08-03 06:07:41,5,49.35,1803
2020-08-03 06:07:51,0,49.37,1802
2020-08-03 06:08:01,2,49.4,1802
2020-08-03 06:08:11,5,49.39,1801
2020-08-03 06:08:21,2,49.39,1802
2020-08-03 06:08:31,2,49.42,1800
2020-08-03 06:08:41,0,49.42,1801
2020-08-03 06:08:51,0,49.44,1800
2020-08-03 06:09:01,4,49.33,1803
2020-08-03 06:09:11,0,49.34,1803
2020-08-03 06:09:21,0,49.37,1802
2020-08-03 06:09:31,5,49.35,1803
2020-08-03 06:09:41,0,49.34,1803
2020-08-03 06:09:51,0,49.34,1803
2020-08-03 06:10:01,7,49.35,1803
2020-08-03 06:10:11,5,49.35,1802
2020-08-03 06:10:21,0,49.38,1802
2020-08-03 06:10:31,5,49.35,1803
2020-08-03 06:10:41,0,49.35,1803
2020-08-03 06:10:51,4,49.31,1804
2020-08-03 06:11:01,0,49.32,1804
2020-08-03 06:11:11,2,49.34,1804
2020-08-03 06:11:21,0,49.31,1804
2020-08-03 06:11:31,0,49.29,1805
2020-08-03 06:11:41,2,49.28,1805
2020-08-03 06:11:51,0,49.32,1805
2020-08-03 06:12:01,2,49.31,1804
2020-08-03 06:12:11,4,49.3,1804
2020-08-03 06:12:21,5,49.37,1802
2020-08-03 06:12:31,2,49.37,1802
2020-08-03 06:12:41,2,49.36,1802
2020-08-03 06:12:51,2,49.37,1802
2020-08-03 06:13:01,2,49.36,1803
2020-08-03 06:13:11,2,49.34,1803
2020-08-03 06:13:21,0,49.37,1802
2020-08-03 06:13:41,5,49.35,1803
2020-08-03 06:13:51,0,49.35,1803
2020-08-03 06:14:01,0,49.67,1790
2020-08-03 06:14:11,4,49.35,1802
2020-08-03 06:14:21,4,49.36,1803
2020-08-03 06:14:31,2,49.34,1803
2020-08-03 06:14:41,2,49.34,1803
2020-08-03 06:14:51,8,49.35,1803
2020-08-03 06:15:01,2,49.34,1802
2020-08-03 06:15:11,0,49.33,1803
2020-08-03 06:15:21,2,49.39,1802
2020-08-03 06:15:31,4,49.36,1802
2020-08-03 06:15:41,0,49.38,1801
2020-08-03 06:15:51,5,49.36,1802
2020-08-03 06:16:01,2,49.37,1801
2020-08-03 06:16:11,2,49.37,1802
2020-08-03 06:16:21,2,49.37,1802
2020-08-03 06:16:31,5,49.38,1802
2020-08-03 06:16:41,0,49.36,1802
2020-08-03 06:16:51,4,49.35,1802
2020-08-03 06:17:01,0,49.35,1802
2020-08-03 06:17:11,0,49.35,1802
2020-08-03 06:17:21,0,49.35,1802
2020-08-03 06:17:31,0,49.37,1802
2020-08-03 06:17:41,2,49.34,1803
2020-08-03 06:17:51,4,49.37,1802
2020-08-03 06:18:01,0,49.37,1802
2020-08-03 06:18:11,0,49.39,1801
2020-08-03 06:18:21,2,49.4,1802
2020-08-03 06:18:31,0,49.39,1801
2020-08-03 06:18:41,7,49.39,1801
2020-08-03 06:18:51,2,49.39,1802
2020-08-03 06:19:01,0,49.38,1802
2020-08-03 06:19:11,2,49.42,1800
2020-08-03 06:19:21,5,49.41,1800
2020-08-03 06:19:31,0,49.41,1800
2020-08-03 06:19:41,0,49.42,1800
2020-08-03 06:19:51,0,49.42,1800
2020-08-03 06:20:01,0,49.41,1801
2020-08-03 06:20:11,0,49.41,1800
2020-08-03 06:20:21,0,49.4,1801
2020-08-03 06:20:31,2,49.38,1801
2020-08-03 06:20:41,2,49.4,1801
2020-08-03 06:20:51,0,49.39,1801
2020-08-03 06:21:01,0,49.39,1802
2020-08-03 06:21:11,0,49.39,1801
2020-08-03 06:21:21,7,49.4,1801
2020-08-03 06:21:31,0,49.39,1801
2020-08-03 06:21:41,0,49.39,1802
2020-08-03 06:21:51,0,49.4,1801
2020-08-03 06:22:01,0,49.37,1801
2020-08-03 06:22:11,0,49.37,1801
2020-08-03 06:22:21,0,49.36,1802
2020-08-03 06:22:31,0,49.37,1802
2020-08-03 06:22:41,2,49.37,1802
2020-08-03 06:22:51,0,49.36,1803
2020-08-03 06:23:01,4,49.35,1803
2020-08-03 06:23:11,0,49.37,1802
2020-08-03 06:23:21,0,49.36,1802
2020-08-03 06:23:31,0,49.36,1802
2020-08-03 06:23:41,0,49.31,1805
2020-08-03 06:23:51,2,49.3,1804
2020-08-03 06:24:01,0,49.34,1804
2020-08-03 06:24:11,4,49.63,1792
2020-08-03 06:24:21,0,49.37,1802
2020-08-03 06:24:31,4,49.39,1802
2020-08-03 06:24:41,0,49.39,1801
2020-08-03 06:24:51,0,49.38,1801
2020-08-03 06:25:01,0,49.39,1801
2020-08-03 06:25:11,0,49.38,1801
2020-08-03 06:25:21,2,49.38,1802
2020-08-03 06:25:31,2,49.34,1803
2020-08-03 06:25:41,0,49.33,1803
2020-08-03 06:25:51,4,49.36,1803
2020-08-03 06:26:01,5,49.35,1802
2020-08-03 06:26:11,0,49.36,1803
2020-08-03 06:26:21,4,49.29,1805
2020-08-03 06:26:31,10,49.3,1804
2020-08-03 06:26:41,2,49.3,1804
2020-08-03 06:26:51,2,49.29,1805
2020-08-03 06:27:01,2,49.29,1805
2020-08-03 06:27:11,0,49.32,1804
2020-08-03 06:27:21,4,49.29,1805
2020-08-03 06:27:31,0,49.28,1805
2020-08-03 06:27:41,4,49.3,1805
2020-08-03 06:27:51,0,49.29,1804
2020-08-03 06:28:01,5,49.41,1800
2020-08-03 06:28:11,4,49.42,1800
2020-08-03 06:28:21,0,49.41,1801
2020-08-03 06:28:31,5,49.41,1800
2020-08-03 06:28:41,2,49.42,1800
2020-08-03 06:28:51,4,49.41,1801
2020-08-03 06:29:01,5,49.42,1801
2020-08-03 06:29:11,0,49.41,1801
2020-08-03 06:29:21,4,49.48,1798
2020-08-03 06:29:31,0,49.42,1800
2020-08-03 06:29:41,4,49.41,1801
2020-08-03 06:29:51,0,49.42,1800
2020-08-03 06:30:01,0,49.66,1790
2020-08-03 06:30:11,5,49.69,1790
2020-08-03 06:30:21,0,49.67,1791
2020-08-03 06:30:31,7,49.67,1791
2020-08-03 06:30:41,4,49.68,1790
2020-08-03 06:30:51,2,49.67,1791
2020-08-03 06:31:01,2,49.66,1791
2020-08-03 06:31:11,4,49.66,1791
2020-08-03 06:31:21,2,49.66,1791
2020-08-03 06:31:31,4,49.66,1791
2020-08-03 06:31:41,0,49.64,1792
2020-08-03 06:31:51,7,49.63,1792
2020-08-03 06:32:01,2,49.69,1790
2020-08-03 06:32:11,8,49.67,1791
2020-08-03 06:32:21,0,49.68,1790
2020-08-03 06:32:31,0,49.69,1791
2020-08-03 06:32:41,5,49.69,1790
2020-08-03 06:32:51,4,49.68,1791
2020-08-03 06:33:01,0,49.69,1790
2020-08-03 06:33:11,0,49.69,1790
2020-08-03 06:33:21,0,49.68,1790
2020-08-03 06:33:31,0,49.69,1790
2020-08-03 06:33:41,0,49.66,1790
2020-08-03 06:33:51,0,49.69,1790
2020-08-03 06:34:01,0,49.68,1790
2020-08-03 06:34:11,0,49.67,1790
2020-08-03 06:34:21,0,49.69,1790
2020-08-03 06:34:31,5,49.75,1789
2020-08-03 06:34:41,0,49.75,1788
2020-08-03 06:34:51,2,49.73,1789
2020-08-03 06:35:01,0,49.73,1789
2020-08-03 06:35:11,0,49.75,1789
2020-08-03 06:35:21,4,49.74,1788
2020-08-03 06:35:31,0,49.74,1789
2020-08-03 06:35:41,4,49.72,1789
2020-08-03 06:35:51,0,49.73,1789
2020-08-03 06:36:01,0,49.73,1789
2020-08-03 06:36:11,2,49.72,1790
2020-08-03 06:36:21,0,49.69,1790
2020-08-03 06:36:31,2,49.7,1790
2020-08-03 06:36:41,5,49.69,1790
2020-08-03 06:36:51,0,49.69,1791
2020-08-03 06:37:01,2,49.7,1791
2020-08-03 06:37:11,0,49.69,1790
2020-08-03 06:37:21,4,49.73,1790
2020-08-03 06:37:31,2,49.72,1790
2020-08-03 06:37:41,2,49.69,1790
2020-08-03 06:37:51,4,49.71,1789
2020-08-03 06:38:01,0,49.72,1789
2020-08-03 06:38:11,0,49.73,1789
2020-08-03 06:38:21,0,49.73,1789
2020-08-03 06:38:31,5,49.76,1789
2020-08-03 06:38:41,0,49.75,1789
2020-08-03 06:38:51,8,49.74,1789
2020-08-03 06:39:01,8,49.76,1788
2020-08-03 06:39:11,5,49.78,1788
2020-08-03 06:39:21,0,49.81,1787
2020-08-03 06:39:31,4,50.04,1776
2020-08-03 06:39:41,0,50.07,1776
2020-08-03 06:39:51,2,49.81,1786
2020-08-03 06:40:01,0,49.82,1786
2020-08-03 06:40:11,2,49.83,1785
2020-08-03 06:40:21,2,49.86,1785
2020-08-03 06:40:31,0,49.82,1786
2020-08-03 06:40:41,2,49.83,1785
2020-08-03 06:40:51,0,49.84,1786
2020-08-03 06:41:01,0,49.82,1786
2020-08-03 06:41:11,2,49.83,1786
2020-08-03 06:41:21,8,49.82,1786
2020-08-03 06:41:31,7,49.79,1786
2020-08-03 06:41:41,4,49.78,1787
2020-08-03 06:41:51,2,49.8,1787
2020-08-03 06:42:01,4,49.81,1787
2020-08-03 06:42:11,2,49.8,1787
2020-08-03 06:42:21,0,49.79,1787
2020-08-03 06:42:31,0,49.8,1787
2020-08-03 06:42:41,8,50.03,1778
2020-08-03 06:42:51,4,50.02,1778
2020-08-03 06:43:01,7,50.06,1777
2020-08-03 06:43:11,0,50.06,1776
2020-08-03 06:43:21,0,50.05,1778
2020-08-03 06:43:31,5,50.03,1778
2020-08-03 06:43:41,0,50,1779
2020-08-03 06:43:51,2,50.02,1778
2020-08-03 06:44:01,4,50.02,1779
2020-08-03 06:44:11,0,50.02,1779
2020-08-03 06:44:21,2,50,1779
2020-08-03 06:44:31,2,50,1779
2020-08-03 06:44:41,0,50.01,1779
2020-08-03 06:44:51,2,50,1780
2020-08-03 06:45:01,5,50.03,1779
2020-08-03 06:45:11,0,50.01,1779
2020-08-03 06:45:21,0,50.03,1779
2020-08-03 06:45:31,0,50.04,1779
2020-08-03 06:45:41,0,50.01,1779
2020-08-03 06:45:51,0,50.01,1779
2020-08-03 06:46:01,0,50.03,1779
2020-08-03 06:46:11,0,49.99,1780
2020-08-03 06:46:21,0,50,1780
2020-08-03 06:46:31,0,49.97,1781
2020-08-03 06:46:41,0,49.98,1781
2020-08-03 06:46:51,0,49.97,1781
2020-08-03 06:47:01,40,50,1780
2020-08-03 06:47:11,14,34.08,2345