Fecha,CPU_Load,Memory_Used,Free_Memory,Free_Disk_D
2020-08-02 23:39:00,0,24.32,2950,85486
2020-08-02 23:39:10,0,24.45,2946,85486
2020-08-02 23:39:20,0,24.44,2945,85486
2020-08-02 23:39:30,2,24.48,2944,85486
2020-08-02 23:39:40,0,24.46,2944,85486
2020-08-02 23:39:50,2,24.46,2944,85486
2020-08-02 23:40:00,0,24.78,2931,85486
2020-08-02 23:40:10,0,24.77,2931,85486
2020-08-02 23:40:20,0,24.79,2931,85486
2020-08-02 23:40:30,0,24.79,2930,85486
2020-08-02 23:40:40,0,24.78,2931,85486
2020-08-02 23:40:50,0,24.78,2931,85486
2020-08-02 23:41:00,0,24.77,2931,85486
2020-08-02 23:41:10,0,24.77,2931,85486
2020-08-02 23:41:30,0,24.76,2931,85486
2020-08-02 23:41:40,0,24.77,2931,85486
2020-08-02 23:41:50,4,24.73,2933,85486
2020-08-02 23:42:00,0,24.72,2933,85486
2020-08-02 23:42:10,0,24.74,2932,85486
2020-08-02 23:42:20,0,24.73,2932,85486
2020-08-02 23:42:30,0,24.73,2933,85485
2020-08-02 23:42:40,0,24.75,2932,85485
2020-08-02 23:42:50,4,24.75,2932,85485
2020-08-02 23:43:00,0,24.75,2932,85485
2020-08-02 23:43:10,5,24.74,2932,85485
2020-08-02 23:43:20,2,24.74,2932,85485
2020-08-02 23:43:30,0,24.75,2932,85485
2020-08-02 23:43:40,0,24.75,2932,85485
2020-08-02 23:43:50,0,24.74,2932,85485
2020-08-02 23:44:00,0,24.74,2932,85485
2020-08-02 23:44:10,0,24.74,2932,85485
2020-08-02 23:44:20,4,24.73,2933,85485
2020-08-02 23:44:30,0,24.75,2932,85484
2020-08-02 23:44:40,0,24.72,2933,85484
2020-08-02 23:44:50,0,24.74,2933,85484
2020-08-02 23:45:00,2,24.75,2933,85484
2020-08-02 23:45:10,0,24.76,2932,85484
2020-08-02 23:45:20,0,24.76,2932,85484
2020-08-02 23:45:30,0,24.78,2932,85484
2020-08-02 23:45:40,0,24.77,2932,85484
2020-08-02 23:45:50,2,24.78,2932,85484
2020-08-02 23:46:00,0,24.77,2932,85484
2020-08-02 23:46:10,0,24.78,2931,85484
2020-08-02 23:46:20,0,24.77,2932,85484
2020-08-02 23:46:30,0,24.78,2932,85484
2020-08-02 23:46:40,2,24.78,2932,85484
2020-08-02 23:46:50,2,24.79,2931,85484
2020-08-02 23:47:00,0,24.76,2933,85484
2020-08-02 23:47:10,0,24.76,2932,85484
2020-08-02 23:47:20,4,24.78,2932,85484
2020-08-02 23:47:30,7,24.77,2933,85483
2020-08-02 23:47:40,0,24.78,2932,85483
2020-08-02 23:47:50,4,24.8,2931,85483
2020-08-02 23:48:00,0,24.82,2931,85483
2020-08-02 23:48:20,0,24.78,2932,85483
2020-08-02 23:48:30,0,24.78,2932,85483
2020-08-02 23:48:40,0,24.79,2932,85483
2020-08-02 23:48:50,4,24.79,2932,85483
2020-08-02 23:49:10,0,24.8,2931,85483
2020-08-02 23:49:20,0,24.79,2932,85483
2020-08-02 23:49:30,4,24.79,2932,85483
2020-08-02 23:49:40,0,24.79,2932,85483
2020-08-02 23:49:50,0,24.79,2931,85483
2020-08-02 23:50:00,0,24.8,2931,85483
2020-08-02 23:50:10,0,24.8,2931,85483
2020-08-02 23:50:20,0,24.79,2931,85483
2020-08-02 23:50:30,0,24.8,2931,85483
2020-08-02 23:50:40,0,24.81,2931,85483
2020-08-02 23:50:50,0,24.76,2932,85483
2020-08-02 23:51:00,0,24.79,2932,85483
2020-08-02 23:51:10,0,24.8,2931,85483
2020-08-02 23:51:20,2,24.81,2931,85483
2020-08-02 23:51:30,0,24.82,2931,85482
2020-08-02 23:51:40,0,24.83,2930,85482
2020-08-02 23:51:50,0,24.84,2930,85482
2020-08-02 23:52:10,0,24.85,2929,85482
2020-08-02 23:52:20,0,24.85,2929,85482
2020-08-02 23:52:30,0,24.84,2929,85482
2020-08-02 23:52:40,0,24.85,2929,85482
2020-08-02 23:52:50,5,24.84,2929,85482
2020-08-02 23:53:00,0,24.86,2929,85481
2020-08-02 23:53:10,0,24.89,2928,85481
2020-08-02 23:53:20,2,24.85,2929,85481
2020-08-02 23:53:30,5,24.89,2928,85481
2020-08-02 23:53:40,0,24.86,2929,85481
2020-08-02 23:53:50,2,24.87,2929,85481
2020-08-02 23:54:00,0,24.91,2927,85481
2020-08-02 23:54:10,0,24.92,2926,85481
2020-08-02 23:54:20,0,24.91,2927,85481
2020-08-02 23:54:30,0,24.91,2927,85480
2020-08-02 23:54:40,0,24.92,2927,85480
2020-08-02 23:54:50,0,24.93,2926,85480
2020-08-02 23:55:00,4,24.92,2926,85480
2020-08-02 23:55:20,0,24.91,2927,85480
2020-08-02 23:55:30,0,24.91,2927,85480
2020-08-02 23:55:40,0,24.91,2927,85480
2020-08-02 23:55:50,0,24.91,2927,85480
2020-08-02 23:56:00,4,24.92,2926,85480
2020-08-02 23:56:10,0,24.94,2926,85479
2020-08-02 23:56:20,4,24.93,2926,85479
2020-08-02 23:56:30,4,24.94,2926,85479
2020-08-02 23:56:40,0,24.92,2927,85479
2020-08-02 23:56:50,4,24.92,2927,85479
2020-08-02 23:57:00,4,24.87,2928,85479
2020-08-02 23:57:20,0,24.94,2926,85479
2020-08-02 23:57:40,0,24.97,2925,85478
2020-08-02 23:57:50,0,24.98,2924,85478
2020-08-02 23:58:00,0,24.99,2924,85478
2020-08-02 23:58:10,0,24.98,2924,85478
2020-08-02 23:58:20,4,24.98,2924,85478
2020-08-02 23:58:30,4,24.99,2924,85477
2020-08-02 23:58:40,0,24.98,2924,85477
2020-08-02 23:58:50,0,24.99,2924,85477
2020-08-02 23:59:00,0,24.99,2924,85477
2020-08-02 23:59:10,0,24.98,2924,85477
2020-08-02 23:59:20,0,24.99,2924,85477
2020-08-02 23:59:30,2,25,2924,85477
2020-08-02 23:59:40,0,24.98,2924,85477
2020-08-02 23:59:50,4,24.99,2924,85477
2020-08-03 00:00:10,0,25.22,2916,85476
2020-08-03 00:00:20,2,25.22,2915,85476
2020-08-03 00:00:30,4,25.23,2915,85476
2020-08-03 00:00:50,0,25.24,2914,85476
2020-08-03 00:01:00,5,25.23,2915,85476
2020-08-03 00:01:10,0,25.24,2914,85475
2020-08-03 00:01:20,4,25.26,2914,85475
2020-08-03 00:01:30,2,25.26,2914,85475
2020-08-03 00:01:40,25,25.26,2914,85475
2020-08-03 00:01:50,0,25.27,2913,85475
2020-08-03 00:02:10,0,25.25,2913,85475
2020-08-03 00:02:20,2,25.26,2913,85475
2020-08-03 00:02:30,2,25.24,2914,85475
2020-08-03 00:02:40,0,25.26,2914,85475
2020-08-03 00:02:50,4,25.26,2913,85475
2020-08-03 00:03:00,4,25.25,2914,85475
2020-08-03 00:03:10,2,25.14,2916,85475
2020-08-03 00:03:20,4,25.2,2915,85475
2020-08-03 00:03:30,0,25.2,2916,85475
2020-08-03 00:03:40,0,25.2,2916,85475
2020-08-03 00:03:50,0,25.19,2916,85475
2020-08-03 00:04:00,0,25.21,2916,85474
2020-08-03 00:04:10,0,25.22,2915,85474
2020-08-03 00:04:20,0,25.2,2915,85474
2020-08-03 00:04:30,4,25.2,2916,85474
2020-08-03 00:04:40,0,25.21,2915,85474
2020-08-03 00:04:50,2,25.21,2916,85474
2020-08-03 00:05:00,5,25.17,2916,85474
2020-08-03 00:05:20,0,25.17,2917,85474
2020-08-03 00:05:30,4,25.16,2917,85473
2020-08-03 00:05:40,0,25.15,2918,85473
2020-08-03 00:05:50,0,25.15,2918,85473
2020-08-03 00:06:00,2,25.15,2918,85473
2020-08-03 00:06:10,0,25.11,2919,85473
2020-08-03 00:06:20,0,25.12,2919,85473
2020-08-03 00:06:30,0,25.11,2919,85472
2020-08-03 00:06:40,0,25.12,2919,85472
2020-08-03 00:06:50,2,25.11,2919,85472
2020-08-03 00:07:10,0,25.12,2919,85472
2020-08-03 00:07:20,5,25.12,2919,85472
2020-08-03 00:07:30,5,25.11,2919,85472
2020-08-03 00:07:40,0,25.13,2919,85472
2020-08-03 00:07:50,2,25.13,2919,85472
2020-08-03 00:08:00,0,25.17,2918,85472
2020-08-03 00:08:10,0,25.19,2916,85472
2020-08-03 00:08:20,2,25.18,2917,85472
2020-08-03 00:08:30,5,25.18,2917,85471
2020-08-03 00:08:40,0,25.17,2917,85471
2020-08-03 00:08:50,2,25.16,2917,85471
2020-08-03 00:09:00,2,25.18,2917,85471
2020-08-03 00:09:10,0,25.16,2918,85471
2020-08-03 00:09:20,0,25.16,2917,85471
2020-08-03 00:09:30,5,25.17,2917,85471
2020-08-03 00:09:40,0,25.19,2916,85470
2020-08-03 00:09:50,2,25.19,2916,85470
2020-08-03 00:10:00,0,25.21,2916,85470
2020-08-03 00:10:10,0,25.21,2915,85470
2020-08-03 00:10:20,5,25.21,2915,85470
2020-08-03 00:10:30,0,25.2,2916,85470
2020-08-03 00:10:40,0,25.2,2916,85470
2020-08-03 00:10:50,0,25.21,2916,85470
2020-08-03 00:11:00,0,25.22,2915,85470
2020-08-03 00:11:10,0,25.21,2916,85470
2020-08-03 00:11:20,0,25.2,2916,85470
2020-08-03 00:11:30,0,25.2,2916,85469
2020-08-03 00:11:40,8,25.2,2916,85469
2020-08-03 00:11:50,2,25.23,2915,85469
2020-08-03 00:12:10,0,25.3,2912,85469
2020-08-03 00:12:20,2,25.29,2912,85469
2020-08-03 00:12:30,0,25.32,2911,85469
2020-08-03 00:12:40,0,25.56,2903,85468
2020-08-03 00:12:50,2,25.57,2901,85468
2020-08-03 00:13:00,5,25.56,2902,85468
2020-08-03 00:13:10,0,25.56,2902,85468
2020-08-03 00:13:20,0,25.59,2900,85468
2020-08-03 00:13:30,2,25.57,2901,85468
2020-08-03 00:13:40,0,25.53,2903,85468
2020-08-03 00:13:50,2,25.54,2902,85468
2020-08-03 00:14:00,4,25.55,2902,85468
2020-08-03 00:14:10,0,25.55,2902,85468
2020-08-03 00:14:20,0,25.56,2902,85468
2020-08-03 00:14:30,0,25.58,2901,85467
2020-08-03 00:14:40,0,25.4,2906,85467
2020-08-03 00:14:50,0,25.4,2906,85467
2020-08-03 00:15:00,2,25.41,2906,85467
2020-08-03 00:15:10,0,25.39,2906,85467
2020-08-03 00:15:20,4,25.39,2906,85467
2020-08-03 00:15:30,2,25.39,2906,85467
2020-08-03 00:15:40,0,25.38,2907,85467
2020-08-03 00:15:50,2,25.38,2907,85467
2020-08-03 00:16:00,0,25.4,2907,85467
2020-08-03 00:16:10,0,25.4,2906,85467
2020-08-03 00:16:20,5,25.4,2907,85467
2020-08-03 00:16:30,0,25.38,2908,85466
2020-08-03 00:16:40,0,25.37,2908,85466
2020-08-03 00:16:50,0,25.49,2904,85466
2020-08-03 00:17:00,0,25.43,2907,85466
2020-08-03 00:17:10,0,25.43,2906,85466
2020-08-03 00:17:20,0,25.44,2906,85466
2020-08-03 00:17:30,0,25.45,2906,85466
2020-08-03 00:17:40,0,25.37,2909,85466
2020-08-03 00:17:50,2,25.45,2906,85466
2020-08-03 00:18:00,0,25.46,2905,85466
2020-08-03 00:18:10,0,25.47,2904,85466
2020-08-03 00:18:20,2,25.48,2905,85466
2020-08-03 00:18:30,0,25.47,2905,85466
2020-08-03 00:18:40,0,25.46,2905,85466
2020-08-03 00:18:50,4,25.46,2905,85466
2020-08-03 00:19:00,0,25.45,2906,85465
2020-08-03 00:19:20,0,25.44,2906,85465
2020-08-03 00:19:30,0,25.46,2905,85465
2020-08-03 00:19:50,0,25.47,2905,85465
2020-08-03 00:20:00,2,25.45,2905,85465
2020-08-03 00:20:10,0,25.46,2905,85465
2020-08-03 00:20:20,0,25.45,2905,85465
2020-08-03 00:20:30,0,25.46,2905,85465
2020-08-03 00:20:40,0,25.46,2905,85465
2020-08-03 00:21:00,0,25.47,2905,85465
2020-08-03 00:21:10,0,25.45,2905,85465
2020-08-03 00:21:20,0,25.47,2905,85465
2020-08-03 00:21:30,5,25.47,2905,85465
2020-08-03 00:21:40,0,25.48,2904,85465
2020-08-03 00:21:50,0,25.46,2904,85465
2020-08-03 00:22:00,0,25.49,2906,85465
2020-08-03 00:22:10,0,25.46,2904,85465
2020-08-03 00:22:20,0,25.45,2905,85465
2020-08-03 00:22:30,0,25.47,2904,85465
2020-08-03 00:22:40,0,25.48,2904,85465
2020-08-03 00:22:50,0,25.48,2904,85464
2020-08-03 00:23:00,0,25.48,2904,85464
2020-08-03 00:23:20,0,25.49,2903,85464
2020-08-03 00:23:30,0,25.49,2904,85464
2020-08-03 00:23:40,0,25.48,2904,85464
2020-08-03 00:23:50,0,25.49,2903,85464
2020-08-03 00:24:00,0,25.5,2902,85464
2020-08-03 00:24:20,4,25.52,2902,85464
2020-08-03 00:24:30,0,25.45,2904,85464
2020-08-03 00:24:40,0,25.4,2906,85464
2020-08-03 00:24:50,5,25.41,2906,85464
2020-08-03 00:25:00,2,25.38,2907,85464
2020-08-03 00:25:10,0,25.36,2908,85464
2020-08-03 00:25:20,2,25.37,2908,85464
2020-08-03 00:25:30,0,25.34,2908,85464
2020-08-03 00:25:40,2,25.35,2908,85464
2020-08-03 00:25:50,0,25.35,2908,85464
2020-08-03 00:26:00,0,25.35,2908,85464
2020-08-03 00:26:10,0,25.35,2908,85464
2020-08-03 00:26:20,0,25.34,2908,85464
2020-08-03 00:26:30,0,25.34,2909,85464
2020-08-03 00:26:50,2,25.34,2909,85464
2020-08-03 00:27:00,0,25.34,2908,85464
2020-08-03 00:27:10,0,25.34,2908,85464
2020-08-03 00:27:20,0,25.34,2908,85464
2020-08-03 00:27:30,4,25.34,2908,85464
2020-08-03 00:27:40,0,25.35,2908,85464
2020-08-03 00:27:50,2,25.36,2907,85464
2020-08-03 00:28:00,2,25.33,2909,85464
2020-08-03 00:28:10,0,25.38,2907,85464
2020-08-03 00:28:20,0,25.37,2907,85464
2020-08-03 00:28:30,0,25.36,2908,85464
2020-08-03 00:28:40,0,25.36,2908,85464
2020-08-03 00:28:50,0,25.37,2907,85464
2020-08-03 00:29:00,2,25.37,2907,85464
2020-08-03 00:29:10,0,25.37,2907,85464
2020-08-03 00:29:20,0,25.36,2908,85464
2020-08-03 00:29:40,0,25.35,2908,85464
2020-08-03 00:29:50,0,25.36,2909,85464
2020-08-03 00:30:00,0,25.34,2909,85464
2020-08-03 00:30:10,2,25.91,2890,85464
2020-08-03 00:30:20,4,25.96,2888,85464
2020-08-03 00:30:30,0,26.41,2870,85464
2020-08-03 00:30:40,0,26.68,2860,85464
2020-08-03 00:30:50,4,26.9,2851,85464
2020-08-03 00:31:00,4,27.75,2818,85464
2020-08-03 00:31:10,17,27.66,2821,85464
2020-08-03 00:31:20,4,28.1,2804,85464
2020-08-03 00:31:30,2,27.65,2820,85464
2020-08-03 00:31:40,0,27.67,2819,85464
2020-08-03 00:31:50,4,27.72,2817,85464
2020-08-03 00:32:00,0,27.74,2817,85464
2020-08-03 00:32:20,2,27.72,2817,85464
2020-08-03 00:32:30,0,27.72,2818,85464
2020-08-03 00:32:40,0,27.72,2818,85464
2020-08-03 00:32:50,0,27.61,2822,85464
2020-08-03 00:33:00,0,27.5,2826,85464
2020-08-03 00:33:10,0,27.41,2830,85464
2020-08-03 00:33:20,0,27.36,2832,85464
2020-08-03 00:33:30,4,27.35,2832,85464
2020-08-03 00:33:40,0,27.35,2832,85463
2020-08-03 00:34:00,5,27.25,2836,85463
2020-08-03 00:34:10,0,27.18,2839,85463
2020-08-03 00:34:20,8,27.23,2837,85463
2020-08-03 00:34:30,2,27.08,2842,85463
2020-08-03 00:34:40,0,27.06,2842,85463
2020-08-03 00:34:50,0,26.94,2847,85463
2020-08-03 00:35:10,0,26.87,2850,85463
2020-08-03 00:35:20,0,26.81,2852,85463
2020-08-03 00:35:30,5,26.79,2853,85462
2020-08-03 00:35:40,0,26.78,2853,85462
2020-08-03 00:35:50,0,26.78,2853,85462
2020-08-03 00:36:00,4,26.76,2854,85462
2020-08-03 00:36:10,0,26.74,2854,85462
2020-08-03 00:36:20,0,26.76,2854,85462
2020-08-03 00:36:30,7,26.75,2854,85462
2020-08-03 00:36:40,4,26.76,2854,85462
2020-08-03 00:36:50,4,26.77,2853,85462
2020-08-03 00:37:00,2,26.78,2853,85462
2020-08-03 00:37:10,0,26.78,2853,85461
2020-08-03 00:37:20,2,26.78,2853,85461
2020-08-03 00:37:30,4,26.77,2853,85461
2020-08-03 00:37:40,0,26.79,2852,85461
2020-08-03 00:37:50,0,26.81,2851,85461
2020-08-03 00:38:00,4,26.82,2851,85461
2020-08-03 00:38:10,0,26.82,2851,85461
2020-08-03 00:38:20,0,26.81,2852,85461
2020-08-03 00:38:30,5,26.79,2852,85461
2020-08-03 00:38:40,0,26.75,2854,85461
2020-08-03 00:38:50,0,26.75,2853,85461
2020-08-03 00:39:00,0,26.77,2853,85460
2020-08-03 00:39:10,0,26.77,2853,85460
2020-08-03 00:39:20,0,26.78,2853,85460
2020-08-03 00:39:40,0,26.75,2854,85460
2020-08-03 00:40:10,0,26.78,2854,85459
2020-08-03 00:40:20,0,26.72,2855,85459
2020-08-03 00:40:40,0,26.75,2855,85459
2020-08-03 00:40:50,2,26.75,2855,85459
2020-08-03 00:41:00,0,26.76,2855,85459
2020-08-03 00:41:10,0,26.76,2855,85459
2020-08-03 00:41:20,0,26.78,2854,85459
2020-08-03 00:41:30,0,26.78,2854,85458
2020-08-03 00:41:40,0,26.78,2854,85458
2020-08-03 00:41:50,5,26.8,2853,85458
2020-08-03 00:42:00,4,26.78,2854,85458
2020-08-03 00:42:10,0,26.76,2855,85458
2020-08-03 00:42:20,2,26.76,2855,85458
2020-08-03 00:42:30,2,26.76,2855,85458
2020-08-03 00:42:50,0,26.79,2854,85458
2020-08-03 00:43:00,4,26.8,2854,85457
2020-08-03 00:43:10,0,26.82,2852,85457
2020-08-03 00:43:20,2,26.83,2852,85457
2020-08-03 00:43:30,5,26.83,2852,85457
2020-08-03 00:43:40,0,26.85,2852,85457
2020-08-03 00:43:50,0,26.86,2851,85457
2020-08-03 00:44:00,0,26.84,2852,85457
2020-08-03 00:44:10,0,26.85,2851,85457
2020-08-03 00:44:20,0,26.86,2851,85456
2020-08-03 00:44:30,2,26.8,2853,85456
2020-08-03 00:44:50,0,26.87,2851,85456
2020-08-03 00:45:00,0,26.86,2851,85456
2020-08-03 00:45:10,0,26.86,2851,85456
2020-08-03 00:45:20,0,26.85,2852,85456
2020-08-03 00:45:30,0,26.86,2851,85455
2020-08-03 00:45:40,0,26.86,2851,85455
2020-08-03 00:45:50,0,26.85,2851,85455
2020-08-03 00:46:00,2,26.87,2851,85455
2020-08-03 00:46:10,0,26.85,2851,85455
2020-08-03 00:46:40,0,26.89,2850,85455
2020-08-03 00:46:50,0,26.88,2850,85455
2020-08-03 00:47:00,0,26.87,2851,85454
2020-08-03 00:47:10,0,26.88,2850,85454
2020-08-03 00:47:20,0,26.88,2850,85454
2020-08-03 00:47:30,2,26.89,2850,85454
2020-08-03 00:47:40,0,26.91,2849,85454
2020-08-03 00:47:50,2,26.91,2849,85454
2020-08-03 00:48:00,4,26.91,2849,85454
2020-08-03 00:48:10,2,26.93,2848,85454
2020-08-03 00:48:20,4,26.94,2848,85454
2020-08-03 00:48:30,0,26.95,2848,85454
2020-08-03 00:48:40,0,26.95,2848,85453
2020-08-03 00:48:50,0,26.92,2849,85453
2020-08-03 00:49:00,4,26.92,2848,85453
2020-08-03 00:49:10,0,26.91,2849,85453
2020-08-03 00:49:20,2,26.91,2849,85453
2020-08-03 00:49:30,0,26.92,2849,85453
2020-08-03 00:49:40,0,26.92,2848,85453
2020-08-03 00:49:50,2,26.93,2848,85453
2020-08-03 00:50:00,4,26.94,2848,85453
2020-08-03 00:50:10,0,26.94,2847,85452
2020-08-03 00:50:20,0,26.94,2848,85452
2020-08-03 00:50:30,8,26.92,2849,85452
2020-08-03 00:50:40,2,26.87,2849,85452
2020-08-03 00:51:00,0,26.94,2848,85452
2020-08-03 00:51:10,0,26.95,2848,85452
2020-08-03 00:51:20,0,26.95,2847,85452
2020-08-03 00:51:30,8,26.96,2847,85452
2020-08-03 00:51:40,4,26.95,2848,85451
2020-08-03 00:51:50,0,26.96,2847,85451
2020-08-03 00:52:00,4,26.99,2846,85451
2020-08-03 00:52:10,4,26.99,2846,85451
2020-08-03 00:52:20,4,27.01,2845,85451
2020-08-03 00:52:30,4,27.02,2845,85451
2020-08-03 00:52:40,2,27,2846,85451
2020-08-03 00:52:50,2,27.02,2844,85451
2020-08-03 00:53:00,4,27.05,2844,85450
2020-08-03 00:53:20,0,27.07,2843,85450
2020-08-03 00:53:30,2,27.05,2844,85450
2020-08-03 00:53:40,0,27.05,2844,85449
2020-08-03 00:53:50,2,27.04,2844,85449
2020-08-03 00:54:00,0,27.09,2843,85449
2020-08-03 00:54:10,0,27.07,2843,85449
2020-08-03 00:54:20,2,27.05,2843,85449
2020-08-03 00:54:30,7,27.05,2843,85449
2020-08-03 00:54:40,0,27.06,2843,85449
2020-08-03 00:54:50,19,27,2844,85449
2020-08-03 00:55:00,5,27.09,2843,85449
2020-08-03 00:55:10,2,27.06,2843,85448
2020-08-03 00:55:20,5,27.07,2843,85448
2020-08-03 00:55:30,0,27.05,2843,85448
2020-08-03 00:55:40,0,27.03,2844,85448
2020-08-03 00:55:50,0,27.03,2844,85448
2020-08-03 00:56:00,2,27.02,2845,85448
2020-08-03 00:56:10,0,27.02,2844,85448
2020-08-03 00:56:20,0,27.03,2844,85448
2020-08-03 00:56:30,4,27.03,2844,85448
2020-08-03 00:56:40,0,27.03,2844,85447
2020-08-03 00:56:50,4,27.03,2844,85447
2020-08-03 00:57:00,2,27.04,2844,85447
2020-08-03 00:57:10,0,27.05,2844,85447
2020-08-03 00:57:20,0,27.06,2844,85447
2020-08-03 00:57:30,0,27.06,2844,85447
2020-08-03 00:57:40,0,27.05,2844,85447
2020-08-03 00:57:50,0,27.05,2844,85447
2020-08-03 00:58:00,2,27.07,2843,85447
2020-08-03 00:58:10,4,27.07,2843,85447
2020-08-03 00:58:20,0,27.11,2842,85447
2020-08-03 00:58:30,8,27.07,2843,85446
2020-08-03 00:58:40,5,27.06,2844,85446
2020-08-03 00:59:00,0,27.01,2844,85446
2020-08-03 00:59:10,0,27.06,2843,85446
2020-08-03 00:59:20,0,27.07,2843,85446
2020-08-03 00:59:30,0,27.07,2843,85446
2020-08-03 00:59:40,0,27.08,2843,85446
2020-08-03 00:59:50,37,27.1,2842,85446
2020-08-03 01:00:00,0,27.11,2842,85446
2020-08-03 01:00:10,0,27.11,2841,85446
2020-08-03 01:00:20,0,27.11,2841,85446
2020-08-03 01:00:30,0,27.08,2842,85446
2020-08-03 01:00:40,0,27.09,2842,85445
2020-08-03 01:00:50,0,27.08,2842,85445
2020-08-03 01:01:00,2,27.1,2842,85445
2020-08-03 01:01:20,2,27.09,2842,85445
2020-08-03 01:01:30,0,27.09,2842,85445
2020-08-03 01:01:40,0,27.09,2842,85445
2020-08-03 01:01:50,0,27.09,2842,85445
2020-08-03 01:02:00,2,27.12,2841,85445
2020-08-03 01:02:10,0,27.12,2841,85445
2020-08-03 01:02:20,0,27.13,2841,85445
2020-08-03 01:02:30,0,27.08,2843,85445
2020-08-03 01:02:40,0,27.09,2842,85445
2020-08-03 01:02:50,2,27.11,2841,85445
2020-08-03 01:03:00,2,27.14,2840,85445
2020-08-03 01:03:10,0,27.15,2840,85444
2020-08-03 01:03:20,2,27.13,2840,85444
2020-08-03 01:03:30,4,27.14,2840,85444
2020-08-03 01:03:40,0,27.14,2840,85444
2020-08-03 01:03:50,0,27.15,2840,85444
2020-08-03 01:04:00,5,27.17,2839,85444
2020-08-03 01:04:10,5,27.15,2840,85444
2020-08-03 01:04:20,0,27.15,2840,85444
2020-08-03 01:04:30,2,27.16,2839,85444
2020-08-03 01:04:40,0,27.15,2840,85444
2020-08-03 01:04:50,0,27.18,2839,85444
2020-08-03 01:05:00,2,27.16,2839,85444
2020-08-03 01:05:10,0,27.1,2840,85444
2020-08-03 01:05:20,0,27.22,2837,85444
2020-08-03 01:05:30,0,27.15,2839,85444
2020-08-03 01:05:40,0,27.15,2839,85444
2020-08-03 01:05:50,0,27.14,2839,85444
2020-08-03 01:06:00,0,27.15,2839,85444
2020-08-03 01:06:10,0,27.14,2839,85444
2020-08-03 01:06:20,0,27.13,2840,85444
2020-08-03 01:06:30,0,27.13,2840,85444
2020-08-03 01:06:40,0,27.11,2841,85444
2020-08-03 01:06:50,0,27.09,2841,85444
2020-08-03 01:07:00,0,27.08,2842,85444
2020-08-03 01:07:10,0,27.08,2842,85444
2020-08-03 01:07:20,0,27.1,2841,85444
2020-08-03 01:07:30,2,27.1,2841,85444
2020-08-03 01:07:40,0,27.11,2841,85444
2020-08-03 01:07:50,0,27.13,2840,85444
2020-08-03 01:08:00,0,27.14,2840,85444
2020-08-03 01:08:10,0,27.14,2840,85444
2020-08-03 01:08:20,0,27.15,2839,85444
2020-08-03 01:08:30,0,27.11,2841,85444
2020-08-03 01:08:40,0,27.11,2841,85444
2020-08-03 01:08:50,0,27.13,2840,85444
2020-08-03 01:09:00,5,27.13,2840,85444
2020-08-03 01:09:10,0,27.13,2840,85444
2020-08-03 01:09:20,0,27.14,2839,85444
2020-08-03 01:09:30,2,27.13,2840,85444
2020-08-03 01:09:40,2,27.15,2839,85444
2020-08-03 01:09:50,0,27.14,2840,85444
2020-08-03 01:10:00,4,27.18,2838,85444
2020-08-03 01:10:10,0,27.13,2840,85444
2020-08-03 01:10:20,0,27.15,2840,85444
2020-08-03 01:10:30,2,27.16,2839,85444
2020-08-03 01:10:50,0,27.15,2839,85444
2020-08-03 01:11:00,2,27.16,2839,85444
2020-08-03 01:11:10,0,27.16,2839,85444
2020-08-03 01:11:20,0,27.32,2834,85444
2020-08-03 01:11:30,0,27.4,2830,85444
2020-08-03 01:11:40,0,27.41,2830,85444
2020-08-03 01:11:50,0,27.41,2830,85444
2020-08-03 01:12:00,2,27.55,2825,85444
2020-08-03 01:12:10,0,27.57,2824,85444
2020-08-03 01:12:20,2,27.56,2824,85444
2020-08-03 01:12:30,7,27.55,2824,85444
2020-08-03 01:12:40,0,27.54,2824,85444
2020-08-03 01:12:50,0,27.48,2826,85444
2020-08-03 01:13:00,5,27.49,2826,85444
2020-08-03 01:13:10,2,27.49,2826,85444
2020-08-03 01:13:20,0,27.28,2833,85444
2020-08-03 01:13:30,7,27.27,2834,85444
2020-08-03 01:13:40,4,27.28,2834,85444
2020-08-03 01:13:50,0,27.27,2834,85444
2020-08-03 01:14:00,0,27.27,2834,85444
2020-08-03 01:14:10,2,27.28,2834,85444
2020-08-03 01:14:20,0,27.28,2833,85444
2020-08-03 01:14:30,0,27.3,2833,85444
2020-08-03 01:14:40,0,27.27,2834,85444
2020-08-03 01:14:50,2,27.26,2834,85444
2020-08-03 01:15:00,5,27.28,2834,85444
2020-08-03 01:15:10,0,27.28,2833,85444
2020-08-03 01:15:20,2,27.28,2834,85444
2020-08-03 01:15:30,4,27.27,2833,85444
2020-08-03 01:15:40,0,27.29,2833,85444
2020-08-03 01:16:00,4,27.28,2834,85443
2020-08-03 01:16:10,4,27.27,2834,85443
2020-08-03 01:16:20,0,27.27,2834,85443
2020-08-03 01:16:30,8,27.34,2832,85443
2020-08-03 01:16:40,0,27.35,2831,85443
2020-08-03 01:16:50,0,27.33,2832,85443
2020-08-03 01:17:00,4,27.3,2833,85443
2020-08-03 01:17:20,0,27.32,2832,85443
2020-08-03 01:17:30,2,27.29,2833,85443
2020-08-03 01:17:40,0,27.3,2833,85443
2020-08-03 01:17:50,0,27.28,2833,85443
2020-08-03 01:18:00,0,27.28,2833,85443
2020-08-03 01:18:10,0,27.27,2834,85443
2020-08-03 01:18:20,0,27.26,2834,85443
2020-08-03 01:18:30,0,27.28,2834,85443
2020-08-03 01:18:40,0,27.28,2834,85443
2020-08-03 01:18:50,0,27.27,2834,85443
2020-08-03 01:19:00,2,27.26,2835,85443
2020-08-03 01:19:20,0,27.26,2834,85443
2020-08-03 01:19:30,2,27.26,2834,85443
2020-08-03 01:19:40,2,27.27,2834,85443
2020-08-03 01:19:50,0,27.27,2834,85443
2020-08-03 01:20:20,0,27.27,2834,85442
2020-08-03 01:20:30,0,27.25,2835,85442
2020-08-03 01:20:40,0,27.26,2835,85442
2020-08-03 01:20:50,0,27.25,2836,85442
2020-08-03 01:21:00,2,27.26,2836,85442
2020-08-03 01:21:10,0,27.27,2835,85442
2020-08-03 01:21:20,0,27.28,2835,85442
2020-08-03 01:21:30,0,27.28,2835,85442
2020-08-03 01:21:40,0,27.23,2836,85442
2020-08-03 01:21:50,0,27.28,2834,85442
2020-08-03 01:22:00,0,27.27,2835,85442
2020-08-03 01:22:10,0,27.28,2835,85441
2020-08-03 01:22:20,0,27.29,2834,85441
2020-08-03 01:22:30,5,27.29,2834,85441
2020-08-03 01:22:40,0,27.27,2835,85441
2020-08-03 01:22:50,0,27.28,2834,85441
2020-08-03 01:23:00,2,27.29,2835,85441
2020-08-03 01:23:10,0,27.29,2835,85441
2020-08-03 01:23:20,0,27.28,2835,85441
2020-08-03 01:23:30,2,27.28,2835,85441
2020-08-03 01:23:40,0,27.3,2834,85441
2020-08-03 01:23:50,0,27.3,2834,85441
2020-08-03 01:24:00,2,27.33,2833,85440
2020-08-03 01:24:10,0,27.36,2832,85440
2020-08-03 01:24:20,0,27.35,2832,85440
2020-08-03 01:24:30,2,27.34,2832,85440
2020-08-03 01:24:40,2,27.35,2832,85440
2020-08-03 01:24:50,0,27.35,2832,85440
2020-08-03 01:25:00,0,27.33,2833,85440
2020-08-03 01:25:10,2,27.33,2833,85440
2020-08-03 01:25:20,0,27.32,2833,85440
2020-08-03 01:25:30,4,27.31,2833,85439
2020-08-03 01:25:40,0,27.31,2833,85439
2020-08-03 01:25:50,0,27.31,2833,85439
2020-08-03 01:26:00,4,27.33,2833,85439
2020-08-03 01:26:10,0,27.33,2832,85439
2020-08-03 01:26:20,0,27.34,2832,85439
2020-08-03 01:26:30,7,27.32,2833,85439
2020-08-03 01:26:40,5,27.33,2833,85439
2020-08-03 01:26:50,0,27.33,2832,85439
2020-08-03 01:27:00,2,27.35,2832,85438
2020-08-03 01:27:10,0,27.35,2832,85438
2020-08-03 01:27:20,0,27.35,2832,85438
2020-08-03 01:27:30,5,27.37,2831,85438
2020-08-03 01:27:40,0,27.35,2832,85438
2020-08-03 01:28:00,5,27.39,2830,85438
2020-08-03 01:28:20,0,27.41,2829,85438
2020-08-03 01:28:30,0,27.43,2829,85437
2020-08-03 01:28:40,0,27.43,2829,85437
2020-08-03 01:28:50,0,27.4,2830,85437
2020-08-03 01:29:00,0,27.4,2830,85437
2020-08-03 01:29:10,5,27.39,2830,85437
2020-08-03 01:29:20,0,27.41,2830,85437
2020-08-03 01:29:30,7,27.39,2830,85437
2020-08-03 01:29:40,5,27.4,2830,85436
2020-08-03 01:29:50,2,27.4,2830,85436
2020-08-03 01:30:10,0,27.42,2830,85436
2020-08-03 01:30:20,0,27.42,2829,85436
2020-08-03 01:30:30,7,27.41,2829,85436
2020-08-03 01:30:40,2,27.44,2829,85436
2020-08-03 01:30:50,0,27.43,2829,85436
2020-08-03 01:31:00,5,27.42,2829,85436
2020-08-03 01:31:10,0,27.43,2829,85435
2020-08-03 01:31:30,5,27.44,2828,85435
2020-08-03 01:31:40,0,27.44,2828,85435
2020-08-03 01:31:50,0,27.45,2828,85435
2020-08-03 01:32:00,2,27.37,2830,85435
2020-08-03 01:32:10,0,27.44,2829,85435
2020-08-03 01:32:20,0,27.43,2829,85435
2020-08-03 01:32:30,0,27.45,2828,85435
2020-08-03 01:32:50,0,27.47,2827,85435
2020-08-03 01:33:00,0,27.46,2828,85434
2020-08-03 01:33:10,0,27.46,2828,85434
2020-08-03 01:33:20,0,27.46,2828,85434
2020-08-03 01:33:30,2,27.47,2828,85434
2020-08-03 01:33:40,0,27.48,2827,85434
2020-08-03 01:33:50,0,27.47,2827,85434
2020-08-03 01:34:00,7,27.47,2828,85434
2020-08-03 01:34:20,0,27.45,2828,85433
2020-08-03 01:34:30,7,27.48,2827,85433
2020-08-03 01:34:40,0,27.49,2827,85433
2020-08-03 01:34:50,0,27.5,2826,85433
2020-08-03 01:35:00,2,27.5,2827,85433
2020-08-03 01:35:10,2,27.5,2827,85433
2020-08-03 01:35:20,0,27.49,2827,85433
2020-08-03 01:35:30,2,27.5,2826,85432
2020-08-03 01:35:40,0,27.51,2826,85432
2020-08-03 01:35:50,0,27.51,2826,85432
2020-08-03 01:36:00,5,27.52,2826,85432
2020-08-03 01:36:10,2,27.45,2827,85432
2020-08-03 01:36:20,0,27.51,2826,85432
2020-08-03 01:36:30,2,27.51,2826,85432
2020-08-03 01:36:40,0,27.52,2825,85432
2020-08-03 01:36:50,0,27.51,2825,85432
2020-08-03 01:37:00,0,27.54,2825,85431
2020-08-03 01:37:10,0,27.54,2824,85431
2020-08-03 01:37:20,0,27.54,2824,85431
2020-08-03 01:37:30,2,27.52,2825,85431
2020-08-03 01:37:40,5,27.54,2825,85431
2020-08-03 01:37:50,0,27.54,2825,85431
2020-08-03 01:38:00,7,27.55,2824,85431
2020-08-03 01:38:10,0,27.55,2825,85431
2020-08-03 01:38:20,0,27.54,2824,85431
2020-08-03 01:38:30,4,27.57,2823,85430
2020-08-03 01:38:40,4,27.55,2824,85430
2020-08-03 01:38:50,0,27.55,2824,85430
2020-08-03 01:39:00,2,27.57,2824,85430
2020-08-03 01:39:10,0,27.58,2823,85430
2020-08-03 01:39:20,0,27.57,2823,85430
2020-08-03 01:39:30,2,27.56,2824,85430
2020-08-03 01:39:40,0,27.58,2823,85430
2020-08-03 01:39:50,0,27.57,2823,85430
2020-08-03 01:40:00,0,27.6,2822,85429
2020-08-03 01:40:10,2,27.61,2822,85429
2020-08-03 01:40:20,0,27.61,2822,85429
2020-08-03 01:40:30,0,27.61,2822,85429
2020-08-03 01:40:40,0,27.62,2822,85429
2020-08-03 01:40:50,0,27.63,2821,85429
2020-08-03 01:41:00,4,27.63,2821,85429
2020-08-03 01:41:10,0,27.63,2821,85429
2020-08-03 01:41:20,0,27.64,2821,85429
2020-08-03 01:41:30,2,27.61,2822,85429
2020-08-03 01:41:40,0,27.63,2821,85428
2020-08-03 01:41:50,0,27.62,2821,85428
2020-08-03 01:42:10,2,27.62,2821,85428
2020-08-03 01:42:20,0,27.61,2821,85428
2020-08-03 01:42:30,0,27.63,2821,85428
2020-08-03 01:42:40,0,27.63,2821,85427
2020-08-03 01:42:50,0,27.65,2820,85427
2020-08-03 01:43:00,2,27.66,2820,85427
2020-08-03 01:43:10,0,27.67,2820,85427
2020-08-03 01:43:20,0,27.68,2819,85427
2020-08-03 01:43:30,0,27.66,2820,85427
2020-08-03 01:43:40,0,27.67,2820,85427
2020-08-03 01:43:50,0,27.67,2819,85427
2020-08-03 01:44:00,0,27.68,2819,85427
2020-08-03 01:44:10,0,27.68,2819,85427
2020-08-03 01:44:20,0,27.65,2820,85427
2020-08-03 01:44:30,7,27.66,2820,85427
2020-08-03 01:44:40,2,27.67,2820,85426
2020-08-03 01:44:50,0,27.65,2820,85426
2020-08-03 01:45:00,0,27.66,2820,85426
2020-08-03 01:45:10,0,27.67,2820,85426
2020-08-03 01:45:20,0,27.66,2820,85426
2020-08-03 01:45:30,0,27.67,2819,85426
2020-08-03 01:45:40,4,27.68,2819,85426
2020-08-03 01:46:00,0,27.69,2819,85426
2020-08-03 01:46:10,0,27.69,2818,85426
2020-08-03 01:46:20,2,27.69,2818,85426
2020-08-03 01:46:30,4,27.65,2819,85426
2020-08-03 01:46:40,0,27.72,2818,85425
2020-08-03 01:46:50,0,27.7,2818,85425
2020-08-03 01:47:00,0,27.71,2818,85425
2020-08-03 01:47:10,0,27.73,2817,85425
2020-08-03 01:47:20,0,27.73,2817,85425
2020-08-03 01:47:30,0,27.74,2817,85425
2020-08-03 01:47:40,7,27.76,2816,85425
2020-08-03 01:47:50,0,27.75,2816,85425
2020-08-03 01:48:00,4,27.77,2815,85425
2020-08-03 01:48:10,0,27.78,2815,85425
2020-08-03 01:48:20,0,27.75,2816,85424
2020-08-03 01:48:30,0,27.73,2817,85424
2020-08-03 01:48:40,0,27.75,2816,85424
2020-08-03 01:48:50,0,27.75,2816,85424
2020-08-03 01:49:00,4,27.75,2816,85424
2020-08-03 01:49:10,4,27.77,2816,85424
2020-08-03 01:49:20,2,27.77,2816,85424
2020-08-03 01:49:30,5,27.76,2816,85424
2020-08-03 01:49:40,2,27.76,2816,85424
2020-08-03 01:49:50,0,27.76,2816,85424
2020-08-03 01:50:00,5,27.73,2817,85424
2020-08-03 01:50:10,0,27.72,2818,85423
2020-08-03 01:50:20,0,27.74,2817,85423
2020-08-03 01:50:30,4,27.72,2817,85423
2020-08-03 01:50:40,2,27.74,2817,85423
2020-08-03 01:50:50,5,27.73,2817,85423
2020-08-03 01:51:00,0,27.91,2811,85423
2020-08-03 01:51:10,0,27.92,2810,85423
2020-08-03 01:51:20,0,27.91,2810,85423
2020-08-03 01:51:30,0,27.91,2810,85423
2020-08-03 01:51:40,0,27.91,2810,85423
2020-08-03 01:51:50,24,27.91,2810,85423
2020-08-03 01:52:00,4,27.92,2809,85423
2020-08-03 01:52:10,0,27.92,2810,85423
2020-08-03 01:52:20,0,27.93,2809,85423
2020-08-03 01:52:30,0,27.93,2809,85423
2020-08-03 01:52:40,0,27.87,2810,85423
2020-08-03 01:52:50,0,27.96,2808,85423
2020-08-03 01:53:00,0,27.94,2809,85423
2020-08-03 01:53:10,0,27.95,2808,85423
2020-08-03 01:53:20,0,27.94,2808,85423
2020-08-03 01:53:30,7,27.95,2808,85423
2020-08-03 01:53:40,0,27.95,2808,85423
2020-08-03 01:53:50,0,27.97,2808,85423
2020-08-03 01:54:00,5,27.99,2807,85423
2020-08-03 01:54:10,8,27.99,2807,85423
2020-08-03 01:54:20,0,27.99,2807,85423
2020-08-03 01:54:30,2,27.99,2807,85423
2020-08-03 01:54:40,4,28.01,2807,85423
2020-08-03 01:54:50,0,28.01,2806,85423
2020-08-03 01:55:00,0,28.01,2806,85423
2020-08-03 01:55:10,0,28.01,2806,85423
2020-08-03 01:55:20,0,28,2806,85423
2020-08-03 01:55:30,5,28,2806,85422
2020-08-03 01:55:40,4,28.01,2806,85422
2020-08-03 01:55:50,0,27.97,2808,85422
2020-08-03 01:56:00,5,27.96,2808,85422
2020-08-03 01:56:10,2,27.95,2808,85422
2020-08-03 01:56:20,0,27.94,2809,85422
2020-08-03 01:56:30,2,27.93,2809,85422
2020-08-03 01:56:40,0,27.94,2809,85422
2020-08-03 01:56:50,0,27.94,2809,85422
2020-08-03 01:57:00,0,27.95,2808,85422
2020-08-03 01:57:10,0,27.95,2809,85422
2020-08-03 01:57:20,0,27.97,2808,85422
2020-08-03 01:57:30,8,27.94,2809,85422
2020-08-03 01:57:40,7,27.96,2808,85422
2020-08-03 01:57:50,2,27.98,2808,85422
2020-08-03 01:58:00,7,27.97,2808,85422
2020-08-03 01:58:10,0,27.94,2809,85422
2020-08-03 01:58:20,0,27.95,2809,85422
2020-08-03 01:58:30,0,27.96,2808,85422
2020-08-03 01:58:40,0,27.94,2809,85422
2020-08-03 01:58:50,0,27.93,2809,85422
2020-08-03 01:59:00,5,27.95,2809,85421
2020-08-03 01:59:10,0,27.94,2809,85421
2020-08-03 01:59:20,0,27.95,2809,85421
2020-08-03 01:59:30,4,27.96,2808,85421
2020-08-03 01:59:40,7,27.97,2808,85421
2020-08-03 01:59:50,2,27.97,2807,85421
2020-08-03 02:00:00,2,27.99,2807,85421
2020-08-03 02:00:10,4,27.96,2808,85421
2020-08-03 02:00:20,0,27.96,2808,85421
2020-08-03 02:00:30,2,27.97,2808,85421
2020-08-03 02:00:40,0,27.96,2808,85421
2020-08-03 02:00:50,0,27.96,2808,85421
2020-08-03 02:01:00,0,27.98,2808,85421
2020-08-03 02:01:10,0,27.97,2808,85421
2020-08-03 02:01:20,0,27.95,2808,85421
2020-08-03 02:01:30,0,27.96,2808,85421
2020-08-03 02:01:40,0,27.97,2808,85421
2020-08-03 02:01:50,0,27.97,2808,85421
2020-08-03 02:02:00,4,27.98,2807,85421
2020-08-03 02:02:10,2,27.97,2808,85420
2020-08-03 02:02:20,5,27.95,2809,85420
2020-08-03 02:02:30,2,27.97,2808,85420
2020-08-03 02:02:40,2,28,2807,85420
2020-08-03 02:02:50,4,28.02,2806,85420
2020-08-03 02:03:00,0,27.99,2806,85420
2020-08-03 02:03:10,0,28.04,2805,85420
2020-08-03 02:03:20,0,28.04,2805,85420
2020-08-03 02:03:40,0,28.02,2806,85420
2020-08-03 02:03:50,0,28.03,2805,85420
2020-08-03 02:04:00,0,28.07,2804,85419
2020-08-03 02:04:10,0,28.07,2804,85419
2020-08-03 02:04:20,0,28.08,2804,85419
2020-08-03 02:04:30,2,28.07,2804,85419
2020-08-03 02:04:40,0,28.09,2803,85419
2020-08-03 02:04:50,0,28.08,2804,85419
2020-08-03 02:05:00,0,28.1,2803,85419
2020-08-03 02:05:10,0,28.09,2804,85419
2020-08-03 02:05:20,2,28.08,2804,85419
2020-08-03 02:05:40,5,28.09,2804,85419
2020-08-03 02:05:50,0,28.08,2804,85419
2020-08-03 02:06:00,7,28.09,2804,85418
2020-08-03 02:06:10,0,28.1,2803,85418
2020-08-03 02:06:20,0,28.1,2803,85418
2020-08-03 02:06:40,0,28.11,2802,85418
2020-08-03 02:06:50,0,28.1,2802,85418
2020-08-03 02:07:00,0,28.08,2803,85418
2020-08-03 02:07:10,0,28.07,2804,85418
2020-08-03 02:07:20,0,28.08,2803,85418
2020-08-03 02:07:30,2,28.09,2803,85418
2020-08-03 02:07:40,2,28.1,2803,85418
2020-08-03 02:07:50,0,28.09,2804,85417
2020-08-03 02:08:00,2,28.08,2804,85417
2020-08-03 02:08:10,0,28.09,2804,85417
2020-08-03 02:08:20,2,28.06,2805,85417
2020-08-03 02:08:40,0,28.07,2804,85417
2020-08-03 02:08:50,0,28.08,2804,85417
2020-08-03 02:09:00,0,28.08,2804,85417
2020-08-03 02:09:10,0,28.12,2802,85417
2020-08-03 02:09:20,4,28.36,2794,85417
2020-08-03 02:09:30,4,28.38,2792,85417
2020-08-03 02:09:40,0,28.37,2792,85416
2020-08-03 02:09:50,0,28.38,2792,85416
2020-08-03 02:10:00,0,28.4,2792,85416
2020-08-03 02:10:10,0,28.41,2791,85416
2020-08-03 02:10:20,0,28.4,2791,85416
2020-08-03 02:10:30,5,28.41,2791,85416
2020-08-03 02:10:50,0,28.39,2791,85416
2020-08-03 02:11:00,0,28.41,2791,85415
2020-08-03 02:11:10,0,28.4,2791,85415
2020-08-03 02:11:20,0,28.24,2796,85415
2020-08-03 02:11:30,4,28.23,2796,85415
2020-08-03 02:11:40,0,28.24,2796,85415
2020-08-03 02:11:50,0,28.23,2796,85415
2020-08-03 02:12:00,2,28.28,2795,85415
2020-08-03 02:12:20,0,28.34,2794,85414
2020-08-03 02:12:40,0,28.31,2793,85414
2020-08-03 02:12:50,0,28.32,2793,85414
2020-08-03 02:13:00,0,28.31,2793,85414
2020-08-03 02:13:10,0,28.36,2791,85414
2020-08-03 02:13:20,0,28.32,2793,85414
2020-08-03 02:13:30,0,28.37,2791,85414
2020-08-03 02:13:40,2,28.4,2790,85414
2020-08-03 02:13:50,0,28.38,2791,85414
2020-08-03 02:14:00,4,28.31,2793,85414
2020-08-03 02:14:10,5,28.33,2793,85414
2020-08-03 02:14:20,0,28.31,2794,85414
2020-08-03 02:14:30,4,28.34,2792,85414
2020-08-03 02:14:40,0,28.39,2791,85414
2020-08-03 02:14:50,0,28.34,2792,85414
2020-08-03 02:15:00,5,28.35,2793,85414
2020-08-03 02:15:10,4,28.34,2793,85414
2020-08-03 02:15:20,4,28.33,2793,85414
2020-08-03 02:15:30,0,28.34,2793,85414
2020-08-03 02:15:40,8,28.35,2793,85414
2020-08-03 02:15:50,2,28.35,2792,85414
2020-08-03 02:16:00,4,28.33,2793,85414
2020-08-03 02:16:10,0,28.3,2794,85414
2020-08-03 02:16:20,0,28.31,2794,85414
2020-08-03 02:16:30,0,28.32,2794,85414
2020-08-03 02:16:40,0,28.33,2794,85414
2020-08-03 02:17:00,0,28.25,2795,85414
2020-08-03 02:17:10,2,28.24,2796,85414
2020-08-03 02:17:20,0,28.23,2797,85414
2020-08-03 02:17:30,5,28.24,2797,85414
2020-08-03 02:17:40,4,28.25,2796,85414
2020-08-03 02:17:50,2,28.25,2796,85414
2020-08-03 02:18:00,7,28.34,2794,85414
2020-08-03 02:18:10,0,28.35,2793,85414
2020-08-03 02:18:20,0,28.35,2793,85414
2020-08-03 02:18:30,5,28.35,2794,85414
2020-08-03 02:18:40,2,28.35,2793,85414
2020-08-03 02:19:00,2,28.34,2794,85414
2020-08-03 02:19:10,2,28.35,2793,85414
2020-08-03 02:19:20,0,28.36,2793,85414
2020-08-03 02:19:30,5,28.36,2793,85414
2020-08-03 02:19:40,0,28.35,2793,85414
2020-08-03 02:20:10,0,28.34,2794,85414
2020-08-03 02:20:20,0,28.3,2795,85414
2020-08-03 02:20:30,7,28.29,2795,85414
2020-08-03 02:20:40,2,28.31,2795,85414
2020-08-03 02:20:50,2,28.3,2794,85414
2020-08-03 02:21:10,0,28.39,2792,85414
2020-08-03 02:21:20,0,28.39,2792,85414
2020-08-03 02:21:30,0,28.38,2792,85414
2020-08-03 02:21:50,0,28.38,2792,85414
2020-08-03 02:22:00,5,28.4,2792,85414
2020-08-03 02:22:10,2,28.39,2792,85414
2020-08-03 02:22:20,2,28.39,2792,85414
2020-08-03 02:22:30,4,28.37,2792,85414
2020-08-03 02:22:40,4,28.41,2791,85414
2020-08-03 02:23:00,4,28.41,2791,85413
2020-08-03 02:23:10,7,28.41,2791,85413
2020-08-03 02:23:30,4,28.43,2790,85413
2020-08-03 02:23:40,0,28.37,2792,85413
2020-08-03 02:23:50,0,28.43,2790,85413
2020-08-03 02:24:00,4,28.46,2789,85413
2020-08-03 02:24:10,7,28.45,2789,85413
2020-08-03 02:24:20,0,28.47,2789,85413
2020-08-03 02:24:30,2,28.47,2789,85413
2020-08-03 02:24:40,4,28.46,2789,85413
2020-08-03 02:24:50,5,28.46,2789,85413
2020-08-03 02:25:00,0,28.49,2788,85412
2020-08-03 02:25:10,0,28.49,2788,85412
2020-08-03 02:25:20,0,28.48,2788,85412
2020-08-03 02:25:30,4,28.48,2788,85412
2020-08-03 02:25:40,4,28.49,2788,85412
2020-08-03 02:25:50,0,28.5,2788,85412
2020-08-03 02:26:00,0,28.5,2788,85412
2020-08-03 02:26:10,2,28.46,2789,85412
2020-08-03 02:26:20,4,28.47,2788,85411
2020-08-03 02:26:30,2,28.48,2788,85411
2020-08-03 02:26:50,0,28.45,2789,85411
2020-08-03 02:27:00,0,28.46,2789,85411
2020-08-03 02:27:10,0,28.46,2789,85411
2020-08-03 02:27:20,0,28.47,2789,85411
2020-08-03 02:27:30,4,28.48,2788,85411
2020-08-03 02:27:40,0,28.5,2788,85411
2020-08-03 02:27:50,0,28.49,2788,85411
2020-08-03 02:28:00,4,28.51,2787,85411
2020-08-03 02:28:10,0,28.54,2786,85411
2020-08-03 02:28:20,0,28.55,2786,85410
2020-08-03 02:28:30,0,28.56,2785,85410
2020-08-03 02:28:40,2,28.56,2785,85410
2020-08-03 02:28:50,0,28.55,2786,85410
2020-08-03 02:29:00,4,28.57,2785,85410
2020-08-03 02:29:10,0,28.57,2785,85410
2020-08-03 02:29:20,0,28.57,2785,85410
2020-08-03 02:29:30,2,28.57,2785,85410
2020-08-03 02:29:40,0,28.56,2785,85410
2020-08-03 02:29:50,0,28.52,2786,85410
2020-08-03 02:30:00,5,28.57,2785,85410
2020-08-03 02:30:10,0,28.58,2785,85410
2020-08-03 02:30:20,0,28.58,2784,85410
2020-08-03 02:30:30,4,28.58,2784,85409
2020-08-03 02:30:40,5,28.59,2784,85409
2020-08-03 02:30:50,0,28.58,2784,85409
2020-08-03 02:31:00,0,28.59,2784,85409
2020-08-03 02:31:20,0,28.59,2784,85409
2020-08-03 02:31:40,2,28.56,2785,85409
2020-08-03 02:31:50,0,28.56,2785,85409
2020-08-03 02:32:00,2,28.58,2784,85409
2020-08-03 02:32:10,0,28.58,2784,85409
2020-08-03 02:32:20,0,28.59,2784,85409
2020-08-03 02:32:30,5,28.59,2784,85409
2020-08-03 02:32:40,0,28.6,2783,85408
2020-08-03 02:32:50,2,28.62,2783,85408
2020-08-03 02:33:00,2,28.61,2783,85408
2020-08-03 02:33:10,0,28.61,2783,85408
2020-08-03 02:33:20,0,28.63,2782,85408
2020-08-03 02:33:30,8,28.62,2783,85408
2020-08-03 02:33:40,0,28.63,2782,85408
2020-08-03 02:33:50,0,28.62,2783,85408
2020-08-03 02:34:00,4,28.63,2782,85408
2020-08-03 02:34:10,2,28.63,2782,85408
2020-08-03 02:34:20,0,28.64,2782,85408
2020-08-03 02:34:30,0,28.64,2782,85408
2020-08-03 02:34:40,0,28.67,2781,85408
2020-08-03 02:34:50,0,28.66,2781,85408
2020-08-03 02:35:00,31,28.68,2780,85408
2020-08-03 02:35:10,0,28.68,2780,85408
2020-08-03 02:35:20,0,28.68,2780,85408
2020-08-03 02:35:30,2,28.66,2781,85407
2020-08-03 02:35:40,0,28.65,2781,85407
2020-08-03 02:35:50,0,28.64,2781,85407
2020-08-03 02:36:00,4,28.65,2781,85407
2020-08-03 02:36:10,0,28.65,2781,85407
2020-08-03 02:36:20,0,28.66,2781,85407
2020-08-03 02:36:30,8,28.63,2782,85407
2020-08-03 02:36:40,4,28.64,2782,85407
2020-08-03 02:36:50,0,28.64,2782,85407
2020-08-03 02:37:00,0,28.65,2782,85407
2020-08-03 02:37:10,7,28.64,2782,85407
2020-08-03 02:37:20,8,28.63,2782,85407
2020-08-03 02:37:30,2,28.62,2782,85407
2020-08-03 02:37:40,0,28.64,2782,85407
2020-08-03 02:37:50,2,28.67,2781,85407
2020-08-03 02:38:00,2,28.67,2781,85407
2020-08-03 02:38:10,0,28.64,2781,85407
2020-08-03 02:38:20,0,28.66,2781,85407
2020-08-03 02:38:30,0,28.67,2781,85407
2020-08-03 02:38:40,2,28.66,2781,85407
2020-08-03 02:38:50,0,28.66,2781,85407
2020-08-03 02:39:00,0,28.67,2781,85407
2020-08-03 02:39:10,0,28.69,2780,85407
2020-08-03 02:39:20,0,28.68,2780,85407
2020-08-03 02:39:30,2,28.68,2780,85407
2020-08-03 02:39:40,0,28.69,2780,85407
2020-08-03 02:40:00,17,28.73,2779,85406
2020-08-03 02:40:10,5,28.64,2781,85406
2020-08-03 02:40:20,0,28.71,2779,85406
2020-08-03 02:40:30,0,28.72,2779,85406
2020-08-03 02:40:40,0,28.73,2779,85406
2020-08-03 02:40:50,0,28.72,2779,85406
2020-08-03 02:41:00,4,28.73,2779,85406
2020-08-03 02:41:10,0,28.72,2779,85406
2020-08-03 02:41:20,0,28.72,2779,85406
2020-08-03 02:41:30,4,28.72,2779,85406
2020-08-03 02:41:40,2,28.73,2779,85406
2020-08-03 02:41:50,0,28.73,2779,85406
2020-08-03 02:42:10,0,28.72,2778,85406
2020-08-03 02:42:20,0,28.73,2778,85406
2020-08-03 02:42:30,8,28.75,2778,85406
2020-08-03 02:42:40,0,28.71,2779,85406
2020-08-03 02:42:50,0,28.73,2778,85406
2020-08-03 02:43:00,0,28.76,2777,85406
2020-08-03 02:43:10,0,28.75,2777,85406
2020-08-03 02:43:30,2,28.73,2778,85406
2020-08-03 02:43:40,7,28.76,2777,85406
2020-08-03 02:43:50,7,28.75,2778,85406
2020-08-03 02:44:00,0,28.77,2777,85405
2020-08-03 02:44:10,0,28.77,2777,85405
2020-08-03 02:44:30,2,28.75,2778,85405
2020-08-03 02:44:40,4,28.74,2778,85405
2020-08-03 02:44:50,0,28.74,2778,85405
2020-08-03 02:45:00,4,28.74,2778,85405
2020-08-03 02:45:10,4,28.75,2777,85405
2020-08-03 02:45:20,0,28.76,2777,85405
2020-08-03 02:45:30,0,28.77,2777,85405
2020-08-03 02:45:40,0,28.77,2777,85405
2020-08-03 02:45:50,0,28.76,2777,85405
2020-08-03 02:46:00,2,28.75,2778,85404
2020-08-03 02:46:10,7,28.74,2778,85404
2020-08-03 02:46:20,0,28.76,2777,85404
2020-08-03 02:46:30,0,28.71,2779,85404
2020-08-03 02:46:40,0,28.74,2778,85404
2020-08-03 02:46:50,0,28.73,2779,85404
2020-08-03 02:47:00,0,28.74,2779,85404
2020-08-03 02:47:10,0,28.76,2778,85404
2020-08-03 02:47:20,0,28.77,2777,85404
2020-08-03 02:47:30,7,28.77,2777,85404
2020-08-03 02:47:40,7,28.78,2777,85404
2020-08-03 02:47:50,0,28.78,2777,85404
2020-08-03 02:48:00,7,28.79,2776,85403
2020-08-03 02:48:10,7,28.79,2776,85403
2020-08-03 02:48:20,0,28.78,2777,85403
2020-08-03 02:48:30,5,28.77,2777,85403
2020-08-03 02:48:40,2,28.79,2776,85403
2020-08-03 02:48:50,0,28.78,2776,85403
2020-08-03 02:49:00,4,28.8,2776,85403
2020-08-03 02:49:10,5,28.8,2776,85403
2020-08-03 02:49:20,2,28.79,2776,85403
2020-08-03 02:49:40,2,28.78,2777,85403
2020-08-03 02:50:00,0,28.78,2777,85403
2020-08-03 02:50:10,4,28.78,2776,85403
2020-08-03 02:50:20,5,28.8,2776,85403
2020-08-03 02:50:30,4,28.73,2778,85402
2020-08-03 02:50:40,4,28.78,2776,85402
2020-08-03 02:50:50,0,28.76,2777,85402
2020-08-03 02:51:00,4,28.78,2777,85402
2020-08-03 02:51:10,5,28.77,2777,85402
2020-08-03 02:51:20,2,28.77,2777,85402
2020-08-03 02:51:30,0,28.78,2776,85402
2020-08-03 02:51:40,0,28.79,2776,85402
2020-08-03 02:51:50,2,28.8,2776,85402
2020-08-03 02:52:00,5,28.81,2775,85402
2020-08-03 02:52:10,2,28.81,2775,85401
2020-08-03 02:52:20,0,28.82,2775,85401
2020-08-03 02:52:30,4,28.84,2774,85401
2020-08-03 02:52:40,4,28.85,2774,85401
2020-08-03 02:52:50,2,28.85,2773,85401
2020-08-03 02:53:00,5,28.85,2774,85400
2020-08-03 02:53:10,0,28.85,2774,85400
2020-08-03 02:53:20,0,28.86,2773,85400
2020-08-03 02:53:30,5,28.86,2773,85400
2020-08-03 02:53:40,0,28.89,2772,85400
2020-08-03 02:53:50,0,28.88,2773,85400
2020-08-03 02:54:00,4,28.87,2773,85400
2020-08-03 02:54:10,7,28.9,2772,85400
2020-08-03 02:54:20,0,28.9,2772,85400
2020-08-03 02:54:30,4,28.91,2771,85400
2020-08-03 02:54:40,5,28.88,2773,85399
2020-08-03 02:54:50,0,28.94,2770,85399
2020-08-03 02:55:00,4,28.95,2770,85399
2020-08-03 02:55:10,4,28.93,2771,85399
2020-08-03 02:55:20,0,28.94,2770,85399
2020-08-03 02:55:30,4,28.94,2770,85399
2020-08-03 02:55:40,10,28.91,2771,85399
2020-08-03 02:55:50,7,28.93,2771,85399
2020-08-03 02:56:00,5,28.93,2771,85399
2020-08-03 02:56:10,0,28.94,2770,85398
2020-08-03 02:56:20,2,28.94,2770,85398
2020-08-03 02:56:30,7,28.94,2770,85398
2020-08-03 02:56:40,0,28.92,2771,85398
2020-08-03 02:56:50,0,28.89,2772,85398
2020-08-03 02:57:00,8,28.92,2771,85398
2020-08-03 02:57:10,0,28.92,2771,85398
2020-08-03 02:57:30,4,28.94,2770,85397
2020-08-03 02:57:40,0,28.95,2770,85397
2020-08-03 02:57:50,0,28.95,2770,85397
2020-08-03 02:58:00,8,28.94,2770,85397
2020-08-03 02:58:10,0,28.93,2770,85397
2020-08-03 02:58:20,0,28.94,2770,85397
2020-08-03 02:58:30,0,28.95,2770,85397
2020-08-03 02:58:40,10,28.97,2769,85397
2020-08-03 02:58:50,0,28.92,2771,85397
2020-08-03 02:59:00,2,28.95,2770,85397
2020-08-03 02:59:10,2,28.95,2770,85397
2020-08-03 02:59:20,4,28.95,2770,85396
2020-08-03 02:59:30,7,28.97,2770,85396
2020-08-03 02:59:40,7,28.97,2769,85396
2020-08-03 02:59:50,0,28.98,2769,85396
2020-08-03 03:00:00,5,28.97,2769,85396
2020-08-03 03:00:10,0,28.98,2769,85396
2020-08-03 03:00:20,0,28.98,2768,85396
2020-08-03 03:00:30,8,28.99,2768,85396
2020-08-03 03:00:40,7,28.99,2768,85395
2020-08-03 03:00:50,0,29,2768,85395
2020-08-03 03:01:00,0,28.99,2768,85395
2020-08-03 03:01:10,0,29,2768,85395
2020-08-03 03:01:20,0,28.98,2769,85395
2020-08-03 03:01:30,0,28.98,2768,85395
2020-08-03 03:01:40,2,28.99,2768,85395
2020-08-03 03:01:50,4,28.98,2768,85395
2020-08-03 03:02:00,2,28.99,2768,85395
2020-08-03 03:02:10,8,28.99,2768,85395
2020-08-03 03:02:20,5,29,2768,85394
2020-08-03 03:02:30,0,28.98,2768,85394
2020-08-03 03:02:40,0,29.01,2767,85394
2020-08-03 03:02:50,0,29.02,2767,85394
2020-08-03 03:03:00,2,29.02,2767,85394
2020-08-03 03:03:10,2,29.04,2767,85394
2020-08-03 03:03:20,0,29.03,2766,85394
2020-08-03 03:03:30,4,29.06,2766,85393
2020-08-03 03:03:40,0,29.04,2766,85393
2020-08-03 03:03:50,0,29.04,2766,85393
2020-08-03 03:04:00,2,29.07,2765,85393
2020-08-03 03:04:10,4,29.08,2765,85393
2020-08-03 03:04:20,2,29.07,2765,85393
2020-08-03 03:04:30,4,29.07,2765,85393
2020-08-03 03:04:40,4,29.07,2765,85393
2020-08-03 03:04:50,0,29.08,2765,85393
2020-08-03 03:05:00,0,29.03,2766,85392
2020-08-03 03:05:10,0,29.09,2765,85392
2020-08-03 03:05:20,0,29.1,2764,85392
2020-08-03 03:05:30,0,29.32,2756,85392
2020-08-03 03:05:40,0,29.34,2755,85392
2020-08-03 03:05:50,0,29.32,2755,85392
2020-08-03 03:06:00,8,29.32,2755,85392
2020-08-03 03:06:10,7,29.34,2755,85392
2020-08-03 03:06:20,5,29.34,2754,85391
2020-08-03 03:06:30,0,29.34,2755,85391
2020-08-03 03:06:50,0,29.34,2755,85391
2020-08-03 03:07:00,2,29.34,2755,85391
2020-08-03 03:07:10,5,29.35,2754,85391
2020-08-03 03:07:20,5,29.35,2754,85391
2020-08-03 03:07:30,2,29.13,2761,85391
2020-08-03 03:07:40,0,29.12,2763,85390
2020-08-03 03:07:50,0,29.1,2763,85390
2020-08-03 03:08:00,2,29.15,2762,85390
2020-08-03 03:08:10,2,29.14,2762,85390
2020-08-03 03:08:20,0,29.14,2762,85390
2020-08-03 03:08:30,5,29.16,2761,85390
2020-08-03 03:08:40,2,29.13,2763,85390
2020-08-03 03:08:50,0,29.12,2763,85390
2020-08-03 03:09:00,5,29.14,2762,85390
2020-08-03 03:09:10,10,29.14,2762,85390
2020-08-03 03:09:20,0,29.16,2761,85389
2020-08-03 03:09:30,2,29.16,2761,85389
2020-08-03 03:09:40,0,29.16,2761,85389
2020-08-03 03:09:50,2,29.17,2761,85389
2020-08-03 03:10:00,0,29.14,2762,85389
2020-08-03 03:10:10,0,29.15,2762,85389
2020-08-03 03:10:20,0,29.14,2762,85389
2020-08-03 03:10:30,5,29.16,2761,85389
2020-08-03 03:10:40,4,29.17,2761,85389
2020-08-03 03:10:50,0,29.16,2761,85389
2020-08-03 03:11:00,2,29.18,2761,85389
2020-08-03 03:11:10,2,29.12,2762,85388
2020-08-03 03:11:20,5,29.19,2760,85388
2020-08-03 03:11:30,4,29.18,2760,85388
2020-08-03 03:11:40,2,29.18,2761,85388
2020-08-03 03:11:50,4,29.18,2761,85388
2020-08-03 03:12:00,7,29.23,2759,85388
2020-08-03 03:12:10,2,29.23,2759,85388
2020-08-03 03:12:20,5,29.26,2758,85388
2020-08-03 03:12:30,4,29.26,2758,85388
2020-08-03 03:12:40,0,29.27,2757,85387
2020-08-03 03:12:50,0,29.28,2757,85387
2020-08-03 03:13:00,4,29.28,2757,85387
2020-08-03 03:13:10,4,29.28,2757,85387
2020-08-03 03:13:20,4,29.3,2757,85387
2020-08-03 03:13:30,8,29.28,2757,85387
2020-08-03 03:13:40,0,29.28,2757,85387
2020-08-03 03:13:50,0,29.28,2757,85387
2020-08-03 03:14:00,2,29.3,2756,85387
2020-08-03 03:14:10,0,29.3,2756,85387
2020-08-03 03:14:20,0,29.31,2756,85387
2020-08-03 03:14:30,0,29.31,2756,85386
2020-08-03 03:14:40,0,29.33,2755,85386
2020-08-03 03:14:50,0,29.35,2755,85386
2020-08-03 03:15:00,0,29.35,2754,85386
2020-08-03 03:15:10,0,29.35,2754,85386
2020-08-03 03:15:20,0,29.31,2755,85386
2020-08-03 03:15:30,2,29.35,2755,85386
2020-08-03 03:15:40,0,29.32,2755,85386
2020-08-03 03:15:50,0,29.34,2755,85386
2020-08-03 03:16:00,0,29.34,2754,85386
2020-08-03 03:16:10,4,29.34,2754,85386
2020-08-03 03:16:20,0,29.36,2754,85386
2020-08-03 03:16:30,4,29.35,2754,85386
2020-08-03 03:16:40,0,29.37,2754,85385
2020-08-03 03:16:50,0,29.36,2754,85385
2020-08-03 03:17:00,25,29.31,2755,85385
2020-08-03 03:17:10,0,29.31,2755,85385
2020-08-03 03:17:20,0,29.3,2756,85385
2020-08-03 03:17:30,0,29.29,2756,85385
2020-08-03 03:17:40,0,29.28,2756,85385
2020-08-03 03:17:50,0,29.29,2756,85385
2020-08-03 03:18:00,0,29.3,2755,85385
2020-08-03 03:18:10,0,29.28,2756,85385
2020-08-03 03:18:20,0,29.3,2756,85385
2020-08-03 03:18:30,5,29.28,2756,85385
2020-08-03 03:18:40,0,29.28,2756,85385
2020-08-03 03:18:50,0,29.28,2756,85385
2020-08-03 03:19:00,4,29.28,2756,85385
2020-08-03 03:19:10,2,29.29,2756,85385
2020-08-03 03:19:20,0,29.27,2757,85384
2020-08-03 03:19:30,0,29.27,2757,85384
2020-08-03 03:19:40,0,29.28,2757,85384
2020-08-03 03:19:50,0,29.28,2756,85384
2020-08-03 03:20:00,2,29.29,2757,85384
2020-08-03 03:20:10,2,29.29,2756,85384
2020-08-03 03:20:20,2,29.3,2756,85384
2020-08-03 03:20:30,2,29.31,2756,85384
2020-08-03 03:20:40,0,29.31,2756,85384
2020-08-03 03:20:50,0,29.3,2756,85384
2020-08-03 03:21:00,0,29.31,2756,85384
2020-08-03 03:21:10,0,29.3,2756,85384
2020-08-03 03:21:20,0,29.3,2756,85384
2020-08-03 03:21:30,5,29.25,2757,85384
2020-08-03 03:21:40,2,29.31,2756,85384
2020-08-03 03:21:50,0,29.27,2757,85384
2020-08-03 03:22:00,2,29.28,2757,85384
2020-08-03 03:22:10,2,29.26,2757,85384
2020-08-03 03:22:20,2,29.27,2757,85384
2020-08-03 03:22:30,4,29.28,2757,85384
2020-08-03 03:22:40,0,29.28,2757,85384
2020-08-03 03:22:50,2,29.28,2757,85384
2020-08-03 03:23:00,4,29.32,2756,85384
2020-08-03 03:23:10,7,29.29,2757,85384
2020-08-03 03:23:20,2,29.29,2757,85384
2020-08-03 03:23:30,2,29.29,2756,85383
2020-08-03 03:23:40,2,29.3,2756,85383
2020-08-03 03:23:50,5,29.28,2756,85383
2020-08-03 03:24:00,0,29.33,2755,85383
2020-08-03 03:24:10,0,29.33,2755,85383
2020-08-03 03:24:20,0,29.33,2755,85383
2020-08-03 03:24:30,2,29.33,2755,85383
2020-08-03 03:24:40,5,29.34,2754,85383
2020-08-03 03:24:50,0,29.33,2755,85383
2020-08-03 03:25:00,0,29.34,2754,85383
2020-08-03 03:25:10,0,29.32,2755,85383
2020-08-03 03:25:20,0,29.32,2755,85383
2020-08-03 03:25:30,0,29.29,2756,85383
2020-08-03 03:25:40,7,29.3,2756,85383
2020-08-03 03:25:50,2,29.3,2756,85383
2020-08-03 03:26:00,2,29.32,2755,85383
2020-08-03 03:26:10,7,29.32,2755,85383
2020-08-03 03:26:20,2,29.32,2755,85383
2020-08-03 03:26:30,2,29.28,2756,85383
2020-08-03 03:26:40,2,29.32,2755,85383
2020-08-03 03:26:50,5,29.31,2756,85383
2020-08-03 03:27:00,2,29.31,2756,85383
2020-08-03 03:27:10,0,29.31,2756,85383
2020-08-03 03:27:20,0,29.31,2756,85383
2020-08-03 03:27:30,5,29.32,2755,85383
2020-08-03 03:27:40,4,29.29,2756,85383
2020-08-03 03:27:50,0,29.35,2754,85383
2020-08-03 03:28:00,2,29.33,2755,85383
2020-08-03 03:28:10,0,29.35,2754,85383
2020-08-03 03:28:20,4,29.35,2754,85383
2020-08-03 03:28:30,4,29.33,2755,85382
2020-08-03 03:28:40,4,29.32,2755,85382
2020-08-03 03:28:50,4,29.32,2755,85382
2020-08-03 03:29:00,4,29.34,2755,85382
2020-08-03 03:29:10,5,29.33,2755,85382
2020-08-03 03:29:20,5,29.34,2755,85382
2020-08-03 03:29:30,4,29.35,2754,85382
2020-08-03 03:29:40,2,29.35,2754,85382
2020-08-03 03:29:50,0,29.35,2754,85382
2020-08-03 03:30:00,2,29.36,2754,85382
2020-08-03 03:30:10,2,29.32,2755,85382
2020-08-03 03:30:20,2,29.35,2754,85382
2020-08-03 03:30:30,5,29.34,2754,85382
2020-08-03 03:30:40,5,29.35,2754,85382
2020-08-03 03:30:50,2,29.33,2755,85382
2020-08-03 03:31:00,2,29.33,2755,85382
2020-08-03 03:31:10,0,29.31,2755,85382
2020-08-03 03:31:20,16,29.31,2755,85382
2020-08-03 03:31:30,2,29.32,2755,85381
2020-08-03 03:31:40,4,29.38,2752,85381
2020-08-03 03:31:50,2,29.37,2753,85381
2020-08-03 03:32:00,25,29.39,2752,85381
2020-08-03 03:32:10,0,29.41,2751,85381
2020-08-03 03:32:20,0,29.4,2751,85381
2020-08-03 03:32:30,0,29.4,2751,85381
2020-08-03 03:32:40,2,29.41,2751,85381
2020-08-03 03:32:50,4,29.41,2751,85381
2020-08-03 03:33:00,0,29.42,2751,85380
2020-08-03 03:33:10,0,29.42,2751,85380
2020-08-03 03:33:20,0,29.42,2751,85380
2020-08-03 03:33:30,5,29.43,2750,85380
2020-08-03 03:33:40,7,29.42,2750,85380
2020-08-03 03:33:50,2,29.41,2751,85380
2020-08-03 03:34:00,2,29.42,2750,85380
2020-08-03 03:34:10,0,29.4,2751,85380
2020-08-03 03:34:20,2,29.39,2751,85380
2020-08-03 03:34:40,0,29.38,2752,85380
2020-08-03 03:34:50,0,29.39,2752,85380
2020-08-03 03:35:00,0,29.41,2751,85380
2020-08-03 03:35:10,0,29.41,2751,85379
2020-08-03 03:35:20,0,29.4,2751,85379
2020-08-03 03:35:30,4,29.41,2751,85379
2020-08-03 03:35:40,4,29.4,2752,85379
2020-08-03 03:35:50,4,29.4,2752,85379
2020-08-03 03:36:00,8,29.38,2753,85379
2020-08-03 03:36:10,0,29.4,2752,85379
2020-08-03 03:36:20,4,29.39,2752,85379
2020-08-03 03:36:30,5,29.41,2752,85379
2020-08-03 03:36:40,2,29.4,2752,85379
2020-08-03 03:36:50,0,29.39,2753,85379
2020-08-03 03:37:00,5,29.4,2752,85379
2020-08-03 03:37:10,5,29.38,2754,85378
2020-08-03 03:37:20,11,29.37,2753,85378
2020-08-03 03:37:30,7,29.4,2753,85378
2020-08-03 03:37:40,0,29.41,2752,85378
2020-08-03 03:37:50,2,29.42,2751,85378
2020-08-03 03:38:00,8,29.37,2753,85378
2020-08-03 03:38:10,0,29.42,2751,85378
2020-08-03 03:38:20,4,29.43,2751,85378
2020-08-03 03:38:30,7,29.44,2751,85378
2020-08-03 03:38:40,4,29.45,2750,85377
2020-08-03 03:38:50,0,29.45,2750,85377
2020-08-03 03:39:00,8,29.46,2750,85377
2020-08-03 03:39:10,4,29.46,2749,85377
2020-08-03 03:39:20,8,29.45,2750,85377
2020-08-03 03:39:30,11,29.43,2752,85377
2020-08-03 03:39:40,5,29.43,2751,85377
2020-08-03 03:39:50,0,29.43,2751,85377
2020-08-03 03:40:00,4,29.46,2750,85377
2020-08-03 03:40:10,8,29.48,2749,85377
2020-08-03 03:40:20,5,29.5,2748,85376
2020-08-03 03:40:30,5,29.49,2749,85376
2020-08-03 03:40:40,0,29.49,2749,85376
2020-08-03 03:40:50,0,29.49,2749,85376
2020-08-03 03:41:00,0,29.51,2748,85376
2020-08-03 03:41:10,0,29.53,2747,85375
2020-08-03 03:41:20,0,29.53,2747,85375
2020-08-03 03:41:30,0,29.52,2747,85375
2020-08-03 03:41:40,0,29.53,2747,85375
2020-08-03 03:41:50,0,29.51,2748,85375
2020-08-03 03:42:00,0,29.52,2748,85375
2020-08-03 03:42:10,0,29.52,2748,85375
2020-08-03 03:42:20,2,29.54,2747,85375
2020-08-03 03:42:30,4,29.54,2747,85374
2020-08-03 03:42:40,7,29.53,2747,85374
2020-08-03 03:42:50,2,29.54,2747,85374
2020-08-03 03:43:00,13,29.59,2745,85374
2020-08-03 03:43:10,5,29.59,2745,85374
2020-08-03 03:43:20,0,29.6,2745,85374
2020-08-03 03:43:30,8,29.59,2745,85374
2020-08-03 03:43:40,2,29.57,2746,85373
2020-08-03 03:43:50,0,29.59,2745,85373
2020-08-03 03:44:00,2,29.56,2746,85373
2020-08-03 03:44:10,4,29.51,2748,85373
2020-08-03 03:44:20,2,29.59,2745,85373
2020-08-03 03:44:30,5,29.59,2745,85373
2020-08-03 03:44:40,5,29.6,2745,85373
2020-08-03 03:44:50,2,29.57,2746,85373
2020-08-03 03:45:00,4,29.58,2746,85373
2020-08-03 03:45:10,2,29.58,2745,85372
2020-08-03 03:45:20,2,29.57,2745,85372
2020-08-03 03:45:30,0,29.57,2746,85372
2020-08-03 03:45:40,2,29.59,2745,85372
2020-08-03 03:45:50,4,29.59,2745,85372
2020-08-03 03:46:00,7,29.58,2745,85372
2020-08-03 03:46:10,10,29.56,2746,85372
2020-08-03 03:46:20,2,29.58,2745,85372
2020-08-03 03:46:30,2,29.58,2745,85371
2020-08-03 03:46:40,4,29.52,2747,85371
2020-08-03 03:46:50,0,29.53,2747,85371
2020-08-03 03:47:00,2,29.51,2748,85371
2020-08-03 03:47:10,0,29.52,2748,85371
2020-08-03 03:47:20,14,29.52,2748,85371
2020-08-03 03:47:30,4,29.53,2747,85371
2020-08-03 03:47:40,2,29.54,2747,85371
2020-08-03 03:47:50,0,29.57,2746,85370
2020-08-03 03:48:00,2,29.59,2745,85370
2020-08-03 03:48:20,4,29.55,2746,85370
2020-08-03 03:48:30,10,29.58,2745,85370
2020-08-03 03:48:40,13,29.56,2746,85370
2020-08-03 03:48:50,0,29.55,2746,85370
2020-08-03 03:49:00,0,29.58,2746,85370
2020-08-03 03:49:10,0,29.56,2746,85370
2020-08-03 03:49:20,0,29.57,2746,85370
2020-08-03 03:49:30,0,29.58,2745,85369
2020-08-03 03:49:40,0,29.59,2745,85369
2020-08-03 03:49:50,0,29.58,2745,85369
2020-08-03 03:50:00,0,29.6,2745,85369
2020-08-03 03:50:10,0,29.61,2744,85369
2020-08-03 03:50:20,0,29.58,2745,85369
2020-08-03 03:50:30,0,29.58,2745,85369
2020-08-03 03:50:40,4,29.6,2745,85368
2020-08-03 03:50:50,2,29.59,2744,85368
2020-08-03 03:51:00,4,29.61,2744,85368
2020-08-03 03:51:10,0,29.62,2744,85368
2020-08-03 03:51:20,0,29.62,2744,85368
2020-08-03 03:51:30,8,29.6,2744,85368
2020-08-03 03:51:40,5,29.62,2744,85368
2020-08-03 03:51:50,4,29.62,2743,85368
2020-08-03 03:52:00,4,29.64,2743,85367
2020-08-03 03:52:20,2,29.66,2742,85367
2020-08-03 03:52:30,4,29.67,2741,85367
2020-08-03 03:52:40,2,29.66,2742,85367
2020-08-03 03:52:50,4,29.68,2741,85367
2020-08-03 03:53:00,7,29.7,2740,85367
2020-08-03 03:53:10,4,29.69,2741,85367
2020-08-03 03:53:20,5,29.7,2740,85366
2020-08-03 03:53:30,5,29.71,2740,85366
2020-08-03 03:53:40,2,29.71,2740,85366
2020-08-03 03:53:50,2,29.69,2741,85366
2020-08-03 03:54:00,5,29.72,2740,85366
2020-08-03 03:54:10,4,29.73,2739,85366
2020-08-03 03:54:20,4,29.74,2739,85366
2020-08-03 03:54:30,4,29.75,2738,85366
2020-08-03 03:54:50,2,29.69,2741,85365
2020-08-03 03:55:00,4,29.7,2740,85365
2020-08-03 03:55:10,2,29.68,2741,85365
2020-08-03 03:55:20,2,29.72,2740,85365
2020-08-03 03:55:30,2,29.73,2740,85365
2020-08-03 03:55:40,2,29.74,2739,85365
2020-08-03 03:55:50,0,29.73,2739,85365
2020-08-03 03:56:00,4,29.7,2741,85365
2020-08-03 03:56:10,4,29.69,2741,85365
2020-08-03 03:56:20,0,29.71,2740,85365
2020-08-03 03:56:30,2,29.7,2740,85364
2020-08-03 03:56:40,2,29.71,2740,85364
2020-08-03 03:56:50,2,29.71,2740,85364
2020-08-03 03:57:00,2,29.72,2740,85364
2020-08-03 03:57:10,7,29.72,2740,85364
2020-08-03 03:57:20,7,29.73,2739,85364
2020-08-03 03:57:30,13,29.72,2740,85364
2020-08-03 03:57:40,10,29.73,2739,85364
2020-08-03 03:57:50,5,29.75,2738,85364
2020-08-03 03:58:00,4,29.78,2737,85363
2020-08-03 03:58:10,7,29.75,2738,85363
2020-08-03 03:58:20,8,29.76,2738,85363
2020-08-03 03:58:30,7,29.76,2738,85363
2020-08-03 03:58:40,0,29.79,2737,85363
2020-08-03 03:58:50,0,29.79,2737,85363
2020-08-03 03:59:00,5,29.81,2736,85363
2020-08-03 03:59:10,2,29.82,2736,85363
2020-08-03 03:59:20,2,29.81,2736,85363
2020-08-03 03:59:30,5,29.79,2737,85362
2020-08-03 03:59:40,0,29.8,2736,85362
2020-08-03 03:59:50,0,29.79,2736,85362
2020-08-03 04:00:00,7,29.8,2736,85362
2020-08-03 04:00:10,27,29.8,2737,85362
2020-08-03 04:00:20,2,29.8,2737,85362
2020-08-03 04:00:30,0,29.79,2737,85362
2020-08-03 04:00:40,2,29.75,2738,85362
2020-08-03 04:00:50,0,29.8,2736,85362
2020-08-03 04:01:00,10,29.81,2736,85362
2020-08-03 04:01:10,2,29.8,2736,85362
2020-08-03 04:01:20,2,29.86,2734,85362
2020-08-03 04:01:30,4,29.91,2732,85362
2020-08-03 04:01:40,10,29.91,2733,85362
2020-08-03 04:01:50,0,29.84,2734,85362
2020-08-03 04:02:00,4,29.83,2735,85362
2020-08-03 04:02:10,7,29.82,2735,85362
2020-08-03 04:02:20,5,29.82,2735,85362
2020-08-03 04:02:30,5,29.83,2735,85362
2020-08-03 04:02:40,0,30.06,2727,85362
2020-08-03 04:02:50,4,30.14,2723,85362
2020-08-03 04:03:00,8,30.19,2722,85362
2020-08-03 04:03:10,2,30.19,2721,85362
2020-08-03 04:03:20,2,30.22,2720,85362
2020-08-03 04:03:30,2,30.22,2720,85362
2020-08-03 04:03:40,0,30.2,2721,85362
2020-08-03 04:04:00,0,30.17,2722,85362
2020-08-03 04:04:10,0,30.16,2722,85362
2020-08-03 04:04:20,0,30.15,2723,85362
2020-08-03 04:04:30,0,30.13,2724,85362
2020-08-03 04:04:40,0,29.94,2731,85362
2020-08-03 04:04:50,0,29.92,2731,85362
2020-08-03 04:05:00,0,29.92,2731,85362
2020-08-03 04:05:10,0,29.95,2730,85362
2020-08-03 04:05:20,28,29.93,2731,85362
2020-08-03 04:05:30,8,29.88,2733,85362
2020-08-03 04:05:40,4,29.88,2733,85362
2020-08-03 04:05:50,0,29.87,2733,85362
2020-08-03 04:06:00,5,29.85,2734,85362
2020-08-03 04:06:10,10,29.84,2734,85362
2020-08-03 04:06:20,4,29.84,2735,85362
2020-08-03 04:06:30,7,29.84,2734,85362
2020-08-03 04:06:40,4,29.84,2735,85361
2020-08-03 04:06:50,0,29.83,2735,85361
2020-08-03 04:07:00,10,29.84,2734,85361
2020-08-03 04:07:10,2,29.83,2735,85361
2020-08-03 04:07:20,2,29.83,2735,85361
2020-08-03 04:07:30,2,29.83,2735,85361
2020-08-03 04:07:40,4,29.85,2734,85361
2020-08-03 04:07:50,0,29.86,2734,85361
2020-08-03 04:08:00,7,29.85,2734,85361
2020-08-03 04:08:10,10,29.83,2735,85361
2020-08-03 04:08:20,5,29.83,2734,85361
2020-08-03 04:08:30,4,29.86,2734,85361
2020-08-03 04:08:40,0,29.86,2734,85361
2020-08-03 04:09:00,7,29.85,2734,85361
2020-08-03 04:09:10,2,29.85,2734,85361
2020-08-03 04:09:20,8,29.86,2733,85361
2020-08-03 04:09:30,7,29.87,2733,85361
2020-08-03 04:09:40,5,29.88,2733,85361
2020-08-03 04:10:00,7,29.84,2734,85361
2020-08-03 04:10:10,7,29.85,2734,85361
2020-08-03 04:10:20,4,29.85,2734,85361
2020-08-03 04:10:30,2,29.84,2734,85361
2020-08-03 04:10:40,5,29.86,2734,85361
2020-08-03 04:10:50,7,29.85,2734,85361
2020-08-03 04:11:00,13,29.8,2736,85361
2020-08-03 04:11:10,2,29.85,2734,85361
2020-08-03 04:11:20,8,29.86,2734,85361
2020-08-03 04:11:30,5,29.86,2734,85361
2020-08-03 04:11:40,7,29.87,2734,85361
2020-08-03 04:11:50,2,29.85,2734,85361
2020-08-03 04:12:00,2,29.92,2732,85361
2020-08-03 04:12:10,2,29.91,2732,85361
2020-08-03 04:12:20,0,29.91,2732,85361
2020-08-03 04:12:30,5,29.89,2733,85361
2020-08-03 04:12:40,4,29.89,2733,85361
2020-08-03 04:12:50,0,29.91,2732,85361
2020-08-03 04:13:00,5,29.91,2732,85361
2020-08-03 04:13:10,2,29.9,2732,85361
2020-08-03 04:13:20,0,29.9,2732,85361
2020-08-03 04:13:30,5,29.89,2733,85361
2020-08-03 04:13:40,2,29.91,2732,85361
2020-08-03 04:13:50,0,29.91,2732,85361
2020-08-03 04:14:00,7,29.92,2732,85361
2020-08-03 04:14:10,8,29.91,2732,85361
2020-08-03 04:14:20,5,29.93,2732,85361
2020-08-03 04:14:30,4,29.91,2732,85361
2020-08-03 04:14:40,4,29.91,2732,85361
2020-08-03 04:14:50,0,29.91,2732,85361
2020-08-03 04:15:10,2,29.92,2732,85361
2020-08-03 04:15:20,4,29.94,2731,85361
2020-08-03 04:15:30,2,29.94,2731,85361
2020-08-03 04:15:40,4,29.92,2732,85361
2020-08-03 04:15:50,5,29.93,2731,85361
2020-08-03 04:16:00,5,29.92,2732,85361
2020-08-03 04:16:10,0,29.92,2732,85361
2020-08-03 04:16:20,2,29.92,2732,85361
2020-08-03 04:16:30,4,29.92,2731,85361
2020-08-03 04:16:40,5,29.91,2732,85361
2020-08-03 04:16:50,0,29.9,2732,85361
2020-08-03 04:17:00,2,29.88,2733,85361
2020-08-03 04:17:10,8,29.79,2736,85361
2020-08-03 04:17:20,0,29.88,2733,85361
2020-08-03 04:17:30,0,29.88,2733,85361
2020-08-03 04:17:40,2,29.87,2733,85361
2020-08-03 04:17:50,0,29.87,2733,85361
2020-08-03 04:18:00,0,29.86,2734,85361
2020-08-03 04:18:10,0,29.88,2733,85361
2020-08-03 04:18:20,4,29.85,2734,85361
2020-08-03 04:18:30,0,29.85,2734,85361
2020-08-03 04:18:40,2,29.85,2734,85361
2020-08-03 04:18:50,0,29.85,2734,85361
2020-08-03 04:19:00,7,29.86,2734,85361
2020-08-03 04:19:10,0,29.83,2735,85361
2020-08-03 04:19:20,2,29.83,2735,85361
2020-08-03 04:19:30,10,29.84,2735,85361
2020-08-03 04:19:40,7,29.86,2734,85361
2020-08-03 04:19:50,4,29.86,2734,85361
2020-08-03 04:20:00,4,29.85,2735,85361
2020-08-03 04:20:10,2,29.85,2734,85361
2020-08-03 04:20:20,2,29.86,2734,85361
2020-08-03 04:20:30,7,29.86,2734,85361
2020-08-03 04:20:40,5,29.86,2734,85361
2020-08-03 04:20:50,0,29.86,2734,85361
2020-08-03 04:21:00,8,29.87,2734,85361
2020-08-03 04:21:10,8,29.87,2733,85361
2020-08-03 04:21:20,11,29.89,2733,85361
2020-08-03 04:21:30,0,29.85,2734,85361
2020-08-03 04:21:40,8,29.86,2734,85361
2020-08-03 04:21:50,5,29.86,2734,85361
2020-08-03 04:22:00,13,29.87,2734,85361
2020-08-03 04:22:10,10,29.84,2734,85361
2020-08-03 04:22:20,11,29.84,2734,85361
2020-08-03 04:22:40,4,29.87,2734,85361
2020-08-03 04:22:50,0,29.87,2734,85361
2020-08-03 04:23:00,2,29.86,2734,85361
2020-08-03 04:23:10,0,29.86,2734,85361
2020-08-03 04:23:20,4,29.81,2736,85361
2020-08-03 04:23:30,2,29.88,2733,85361
2020-08-03 04:23:40,7,29.86,2734,85361
2020-08-03 04:23:50,4,29.85,2734,85361
2020-08-03 04:24:10,0,29.84,2735,85361
2020-08-03 04:24:20,2,29.84,2735,85361
2020-08-03 04:24:30,5,29.85,2735,85361
2020-08-03 04:24:40,4,29.84,2735,85361
2020-08-03 04:24:50,4,29.81,2736,85361
2020-08-03 04:25:00,8,29.83,2736,85361
2020-08-03 04:25:10,5,29.81,2736,85361
2020-08-03 04:25:20,2,29.84,2735,85361
2020-08-03 04:25:30,11,29.81,2736,85361
2020-08-03 04:25:40,7,29.82,2736,85361
2020-08-03 04:25:50,0,29.83,2735,85361
2020-08-03 04:26:00,5,29.84,2735,85361
2020-08-03 04:26:10,2,29.82,2736,85361
2020-08-03 04:26:20,2,29.83,2736,85361
2020-08-03 04:26:30,8,29.83,2735,85361
2020-08-03 04:26:40,2,29.82,2736,85361
2020-08-03 04:26:50,2,29.81,2736,85361
2020-08-03 04:27:00,7,29.82,2735,85361
2020-08-03 04:27:10,11,29.84,2735,85361
2020-08-03 04:27:20,10,29.82,2736,85361
2020-08-03 04:27:30,8,29.85,2735,85361
2020-08-03 04:27:40,4,29.94,2731,85361
2020-08-03 04:27:50,4,29.94,2731,85361
2020-08-03 04:28:00,7,29.96,2730,85361
2020-08-03 04:28:10,2,29.95,2730,85360
2020-08-03 04:28:20,5,29.98,2730,85360
2020-08-03 04:28:30,8,29.97,2730,85360
2020-08-03 04:28:40,2,29.97,2730,85360
2020-08-03 04:28:50,2,29.94,2731,85360
2020-08-03 04:29:00,5,29.96,2730,85360
2020-08-03 04:29:10,4,29.97,2730,85360
2020-08-03 04:29:20,4,29.97,2730,85360
2020-08-03 04:29:30,5,29.96,2730,85360
2020-08-03 04:29:40,4,29.98,2730,85359
2020-08-03 04:29:50,0,29.98,2730,85359
2020-08-03 04:30:00,4,29.99,2729,85359
2020-08-03 04:30:10,2,30,2729,85359
2020-08-03 04:30:20,5,30.01,2729,85359
2020-08-03 04:30:30,5,29.99,2729,85359
2020-08-03 04:30:40,5,30,2729,85359
2020-08-03 04:30:50,4,29.97,2730,85359
2020-08-03 04:31:00,4,29.97,2730,85358
2020-08-03 04:31:10,0,29.98,2730,85358
2020-08-03 04:31:20,5,30.23,2721,85358
2020-08-03 04:31:30,2,30,2728,85358
2020-08-03 04:31:40,4,29.97,2729,85358
2020-08-03 04:31:50,2,29.99,2729,85358
2020-08-03 04:32:00,2,30,2729,85358
2020-08-03 04:32:10,5,29.98,2729,85358
2020-08-03 04:32:20,5,30,2728,85358
2020-08-03 04:32:30,5,30.01,2728,85357
2020-08-03 04:32:40,7,30.02,2727,85357
2020-08-03 04:32:50,2,30,2728,85357
2020-08-03 04:33:00,5,30.02,2727,85357
2020-08-03 04:33:10,4,30.01,2728,85357
2020-08-03 04:33:20,10,30.04,2727,85357
2020-08-03 04:33:30,5,30.12,2724,85356
2020-08-03 04:33:40,0,30.15,2723,85356
2020-08-03 04:33:50,0,30.13,2724,85356
2020-08-03 04:34:00,0,30.16,2722,85356
2020-08-03 04:34:10,0,30.14,2723,85356
2020-08-03 04:34:20,0,30.14,2723,85356
2020-08-03 04:34:30,8,30.14,2723,85356
2020-08-03 04:34:40,7,30.15,2723,85356
2020-08-03 04:34:50,4,30.11,2724,85356
2020-08-03 04:35:00,7,30.14,2723,85356
2020-08-03 04:35:10,8,30.12,2724,85356
2020-08-03 04:35:20,4,30.14,2723,85356
2020-08-03 04:35:30,8,30.13,2724,85355
2020-08-03 04:35:40,4,30.14,2723,85355
2020-08-03 04:35:50,4,30.13,2724,85355
2020-08-03 04:36:00,10,30.12,2724,85355
2020-08-03 04:36:10,2,30.13,2723,85355
2020-08-03 04:36:20,0,30.13,2724,85355
2020-08-03 04:36:30,0,30.4,2715,85355
2020-08-03 04:36:40,8,30.43,2712,85354
2020-08-03 04:36:50,4,30.42,2712,85354
2020-08-03 04:37:00,7,30.42,2712,85354
2020-08-03 04:37:10,0,30.42,2712,85354
2020-08-03 04:37:20,0,30.45,2711,85354
2020-08-03 04:37:30,0,30.45,2711,85353
2020-08-03 04:37:40,4,30.46,2711,85353
2020-08-03 04:37:50,4,30.44,2711,85353
2020-08-03 04:38:00,5,30.42,2713,85353
2020-08-03 04:38:10,0,30.43,2712,85353
2020-08-03 04:38:20,0,30.43,2712,85353
2020-08-03 04:38:30,0,30.41,2713,85352
2020-08-03 04:38:40,4,30.44,2712,85352
2020-08-03 04:38:50,0,30.42,2712,85352
2020-08-03 04:39:00,4,30.44,2712,85352
2020-08-03 04:39:10,0,30.44,2712,85352
2020-08-03 04:39:20,4,30.45,2711,85352
2020-08-03 04:39:30,11,30.45,2711,85352
2020-08-03 04:39:40,2,30.47,2711,85352
2020-08-03 04:39:50,2,30.46,2711,85352
2020-08-03 04:40:00,0,30.43,2713,85352
2020-08-03 04:40:10,4,30.42,2712,85351
2020-08-03 04:40:20,4,30.43,2712,85351
2020-08-03 04:40:30,4,30.42,2712,85351
2020-08-03 04:40:40,5,30.45,2711,85351
2020-08-03 04:40:50,2,30.44,2712,85351
2020-08-03 04:41:00,0,30.43,2712,85351
2020-08-03 04:41:10,0,30.43,2712,85351
2020-08-03 04:41:20,2,30.45,2711,85351
2020-08-03 04:41:30,5,30.44,2711,85351
2020-08-03 04:41:40,4,30.45,2711,85351
2020-08-03 04:41:50,0,30.44,2711,85350
2020-08-03 04:42:00,0,30.38,2713,85350
2020-08-03 04:42:10,0,30.44,2711,85350
2020-08-03 04:42:20,2,30.45,2711,85350
2020-08-03 04:42:40,2,30.48,2710,85350
2020-08-03 04:42:50,0,30.46,2711,85350
2020-08-03 04:43:00,5,30.49,2710,85350
2020-08-03 04:43:10,5,30.5,2709,85350
2020-08-03 04:43:20,2,30.47,2710,85350
2020-08-03 04:43:30,10,30.47,2711,85350
2020-08-03 04:43:40,5,30.49,2710,85349
2020-08-03 04:43:50,0,30.49,2710,85349
2020-08-03 04:44:00,2,30.5,2709,85349
2020-08-03 04:44:10,0,30.5,2709,85349
2020-08-03 04:44:20,2,30.51,2709,85349
2020-08-03 04:44:30,2,30.46,2711,85349
2020-08-03 04:44:40,2,30.47,2710,85349
2020-08-03 04:44:50,0,30.45,2711,85349
2020-08-03 04:45:00,5,30.47,2710,85349
2020-08-03 04:45:10,0,30.46,2711,85349
2020-08-03 04:45:20,0,30.48,2710,85349
2020-08-03 04:45:30,4,30.48,2710,85349
2020-08-03 04:45:40,4,30.48,2710,85349
2020-08-03 04:45:50,5,30.46,2711,85348
2020-08-03 04:46:00,2,30.45,2712,85348
2020-08-03 04:46:10,8,30.43,2712,85348
2020-08-03 04:46:20,5,30.44,2711,85348
2020-08-03 04:46:30,0,30.44,2712,85348
2020-08-03 04:46:50,0,30.44,2712,85348
2020-08-03 04:47:00,8,30.46,2711,85348
2020-08-03 04:47:10,2,30.45,2711,85348
2020-08-03 04:47:20,4,30.46,2711,85348
2020-08-03 04:47:30,10,30.47,2710,85348
2020-08-03 04:47:40,5,30.49,2710,85348
2020-08-03 04:47:50,5,30.48,2710,85348
2020-08-03 04:48:00,5,30.52,2709,85347
2020-08-03 04:48:10,0,30.49,2709,85347
2020-08-03 04:48:20,2,30.52,2709,85347
2020-08-03 04:48:30,8,30.49,2710,85347
2020-08-03 04:48:40,7,30.49,2710,85347
2020-08-03 04:48:50,4,30.48,2710,85347
2020-08-03 04:49:00,5,30.51,2709,85347
2020-08-03 04:49:10,4,30.47,2710,85347
2020-08-03 04:49:20,2,30.48,2710,85347
2020-08-03 04:49:30,8,30.48,2710,85347
2020-08-03 04:49:40,2,30.49,2710,85347
2020-08-03 04:49:50,2,30.48,2710,85347
2020-08-03 04:50:00,10,30.5,2709,85347
2020-08-03 04:50:10,8,30.5,2709,85347
2020-08-03 04:50:20,2,30.5,2709,85347
2020-08-03 04:50:30,0,30.51,2709,85347
2020-08-03 04:50:40,7,30.5,2709,85347
2020-08-03 04:50:50,0,30.49,2709,85347
2020-08-03 04:51:00,13,30.48,2710,85347
2020-08-03 04:51:10,8,30.5,2709,85351
2020-08-03 04:51:20,7,30.5,2709,85351
2020-08-03 04:51:30,2,30.49,2709,85350
2020-08-03 04:51:40,4,30.49,2709,85350
2020-08-03 04:51:50,4,30.5,2709,85350
2020-08-03 04:52:00,5,30.52,2708,85350
2020-08-03 04:52:10,2,30.52,2708,85350
2020-08-03 04:52:20,7,30.46,2710,85350
2020-08-03 04:52:30,0,30.49,2709,85350
2020-08-03 04:52:40,0,30.52,2708,85350
2020-08-03 04:52:50,0,30.51,2709,85350
2020-08-03 04:53:00,0,30.52,2708,85350
2020-08-03 04:53:10,0,30.54,2708,85350
2020-08-03 04:53:20,0,30.55,2707,85350
2020-08-03 04:53:30,0,30.54,2708,85350
2020-08-03 04:53:40,0,30.54,2707,85350
2020-08-03 04:53:50,0,30.54,2708,85350
2020-08-03 04:54:00,0,30.55,2707,85350
2020-08-03 04:54:10,0,30.57,2707,85350
2020-08-03 04:54:20,5,30.58,2706,85350
2020-08-03 04:54:30,2,30.58,2706,85350
2020-08-03 04:54:40,0,30.56,2707,85350
2020-08-03 04:54:50,0,30.53,2708,85350
2020-08-03 04:55:00,7,30.55,2707,85350
2020-08-03 04:55:10,4,30.55,2708,85350
2020-08-03 04:55:20,4,30.56,2707,85350
2020-08-03 04:55:30,4,30.54,2708,85349
2020-08-03 04:55:40,8,30.56,2707,85349
2020-08-03 04:55:50,0,30.55,2707,85349
2020-08-03 04:56:00,0,30.57,2707,85349
2020-08-03 04:56:10,0,30.54,2707,85349
2020-08-03 04:56:20,0,30.61,2707,85349
2020-08-03 04:56:30,2,30.5,2709,85349
2020-08-03 04:56:40,0,30.6,2707,85349
2020-08-03 04:56:50,2,30.53,2707,85349
2020-08-03 04:57:00,7,30.59,2707,85349
2020-08-03 04:57:10,4,30.55,2707,85349
2020-08-03 04:57:20,0,30.56,2706,85349
2020-08-03 04:57:30,5,30.59,2705,85349
2020-08-03 04:57:40,0,30.61,2705,85349
2020-08-03 04:57:50,4,30.58,2705,85349
2020-08-03 04:58:00,4,30.6,2705,85349
2020-08-03 04:58:10,0,30.55,2707,85349
2020-08-03 04:58:20,0,30.58,2706,85349
2020-08-03 04:58:30,2,30.55,2706,85349
2020-08-03 04:58:40,0,30.58,2705,85349
2020-08-03 04:58:50,0,30.56,2706,85349
2020-08-03 04:59:00,2,30.58,2705,85349
2020-08-03 04:59:10,5,30.57,2706,85349
2020-08-03 04:59:20,8,30.59,2705,85349
2020-08-03 04:59:30,2,30.58,2706,85348
2020-08-03 04:59:40,8,30.57,2704,85348
2020-08-03 04:59:50,0,30.56,2706,85348
2020-08-03 05:00:00,4,30.55,2706,85348
2020-08-03 05:00:10,5,30.55,2706,85348
2020-08-03 05:00:20,5,30.56,2705,85348
2020-08-03 05:00:30,5,30.56,2706,85348
2020-08-03 05:00:40,5,30.52,2707,85348
2020-08-03 05:00:50,5,30.55,2706,85348
2020-08-03 05:01:00,10,30.58,2706,85348
2020-08-03 05:01:10,4,30.57,2706,85348
2020-08-03 05:01:20,2,30.58,2705,85348
2020-08-03 05:01:30,8,30.58,2705,85348
2020-08-03 05:01:40,0,30.59,2705,85347
2020-08-03 05:01:50,0,30.57,2706,85347
2020-08-03 05:02:00,2,30.58,2705,85347
2020-08-03 05:02:10,48,30.56,2706,85347
2020-08-03 05:02:20,2,30.55,2706,85347
2020-08-03 05:02:30,0,30.55,2707,85347
2020-08-03 05:02:40,0,30.57,2706,85347
2020-08-03 05:02:50,0,30.58,2705,85347
2020-08-03 05:03:00,2,30.58,2705,85347
2020-08-03 05:03:10,7,30.6,2704,85347
2020-08-03 05:03:20,0,30.58,2705,85347
2020-08-03 05:03:30,0,30.59,2705,85347
2020-08-03 05:03:40,0,30.58,2705,85347
2020-08-03 05:03:50,0,30.57,2706,85346
2020-08-03 05:04:00,0,30.59,2705,85346
2020-08-03 05:04:10,2,30.58,2705,85346
2020-08-03 05:04:20,0,30.59,2705,85346
2020-08-03 05:04:30,0,30.6,2705,85346
2020-08-03 05:04:40,0,30.6,2705,85346
2020-08-03 05:04:50,0,30.59,2705,85346
2020-08-03 05:05:00,5,30.61,2705,85346
2020-08-03 05:05:10,0,30.6,2705,85346
2020-08-03 05:05:20,0,30.61,2704,85346
2020-08-03 05:05:30,2,30.53,2707,85346
2020-08-03 05:05:50,0,30.53,2707,85345
2020-08-03 05:06:00,8,30.54,2707,85345
2020-08-03 05:06:10,4,30.54,2707,85345
2020-08-03 05:06:20,8,30.55,2707,85345
2020-08-03 05:06:30,2,30.51,2708,85345
2020-08-03 05:06:40,4,30.52,2708,85345
2020-08-03 05:06:50,0,30.45,2710,85345
2020-08-03 05:07:00,7,30.51,2708,85345
2020-08-03 05:07:10,0,30.51,2708,85345
2020-08-03 05:07:30,2,30.52,2708,85345
2020-08-03 05:07:40,10,30.54,2707,85345
2020-08-03 05:07:50,4,30.53,2708,85345
2020-08-03 05:08:00,4,30.55,2707,85344
2020-08-03 05:08:10,7,30.53,2708,85344
2020-08-03 05:08:20,0,30.52,2708,85344
2020-08-03 05:08:30,0,30.73,2701,85344
2020-08-03 05:08:40,0,30.76,2699,85344
2020-08-03 05:08:50,0,30.75,2699,85344
2020-08-03 05:09:00,4,30.75,2700,85343
2020-08-03 05:09:10,0,30.63,2703,85343
2020-08-03 05:09:20,0,30.64,2703,85343
2020-08-03 05:09:30,4,30.65,2703,85343
2020-08-03 05:09:40,2,30.65,2703,85343
2020-08-03 05:09:50,0,30.65,2703,85343
2020-08-03 05:10:00,8,30.65,2703,85343
2020-08-03 05:10:10,8,30.64,2703,85343
2020-08-03 05:10:20,2,30.66,2702,85343
2020-08-03 05:10:30,11,30.47,2709,85343
2020-08-03 05:10:40,5,30.47,2709,85343
2020-08-03 05:10:50,4,30.46,2710,85343
2020-08-03 05:11:00,8,30.42,2712,85343
2020-08-03 05:11:10,7,30.46,2710,85343
2020-08-03 05:11:20,10,30.48,2709,85342
2020-08-03 05:11:30,5,30.48,2709,85342
2020-08-03 05:11:40,2,30.48,2709,85342
2020-08-03 05:11:50,4,30.47,2709,85342
2020-08-03 05:12:00,11,30.48,2709,85342
2020-08-03 05:12:10,17,30.5,2708,85342
2020-08-03 05:12:20,7,30.5,2708,85342
2020-08-03 05:12:30,0,30.51,2708,85341
2020-08-03 05:12:40,2,30.51,2708,85341
2020-08-03 05:12:50,0,30.52,2707,85341
2020-08-03 05:13:00,2,30.49,2709,85341
2020-08-03 05:13:10,5,30.49,2708,85341
2020-08-03 05:13:20,2,30.48,2709,85341
2020-08-03 05:13:30,7,30.49,2709,85341
2020-08-03 05:13:40,5,30.48,2709,85341
2020-08-03 05:13:50,4,30.46,2710,85341
2020-08-03 05:14:00,5,30.47,2710,85341
2020-08-03 05:14:10,7,30.48,2709,85341
2020-08-03 05:14:20,4,30.48,2709,85341
2020-08-03 05:14:40,5,30.45,2710,85340
2020-08-03 05:14:50,7,30.46,2710,85340
2020-08-03 05:15:00,7,30.46,2710,85340
2020-08-03 05:15:10,0,30.48,2710,85340
2020-08-03 05:15:20,0,30.48,2709,85340
2020-08-03 05:15:30,4,30.49,2709,85340
2020-08-03 05:15:40,2,30.49,2709,85340
2020-08-03 05:15:50,7,30.49,2709,85340
2020-08-03 05:16:00,7,30.49,2709,85339
2020-08-03 05:16:20,10,30.5,2709,85339
2020-08-03 05:16:30,0,30.48,2710,85339
2020-08-03 05:16:40,0,30.49,2709,85339
2020-08-03 05:16:50,0,30.5,2709,85338
2020-08-03 05:17:00,5,30.46,2710,85338
2020-08-03 05:17:10,0,30.41,2712,85338
2020-08-03 05:17:20,4,30.45,2710,85338
2020-08-03 05:17:30,0,30.44,2711,85338
2020-08-03 05:17:40,0,30.45,2710,85338
2020-08-03 05:17:50,0,30.44,2710,85338
2020-08-03 05:18:00,0,30.46,2709,85338
2020-08-03 05:18:10,0,30.47,2709,85338
2020-08-03 05:18:20,0,30.48,2709,85338
2020-08-03 05:18:30,0,30.44,2710,85338
2020-08-03 05:18:40,0,30.41,2712,85337
2020-08-03 05:18:50,4,30.41,2712,85337
2020-08-03 05:19:00,7,30.42,2712,85337
2020-08-03 05:19:10,8,30.37,2713,85337
2020-08-03 05:19:20,2,30.37,2713,85337
2020-08-03 05:19:30,10,30.39,2713,85337
2020-08-03 05:19:50,0,30.35,2714,85336
2020-08-03 05:20:00,0,30.37,2714,85336
2020-08-03 05:20:10,5,30.37,2713,85336
2020-08-03 05:20:20,2,30.37,2714,85336
2020-08-03 05:20:30,5,30.39,2713,85336
2020-08-03 05:20:40,0,30.4,2713,85336
2020-08-03 05:20:50,0,30.39,2713,85336
2020-08-03 05:21:00,5,30.37,2715,85336
2020-08-03 05:21:10,2,30.38,2714,85336
2020-08-03 05:21:20,0,30.37,2714,85335
2020-08-03 05:21:30,7,30.47,2709,85335
2020-08-03 05:21:40,10,30.5,2708,85335
2020-08-03 05:21:50,0,30.51,2708,85335
2020-08-03 05:22:00,2,30.49,2709,85335
2020-08-03 05:22:10,5,30.49,2709,85335
2020-08-03 05:22:20,4,30.48,2709,85335
2020-08-03 05:22:30,0,30.49,2709,85335
2020-08-03 05:22:40,0,30.51,2708,85335
2020-08-03 05:22:50,5,30.52,2708,85335
2020-08-03 05:23:00,4,30.52,2708,85334
2020-08-03 05:23:10,2,30.53,2708,85334
2020-08-03 05:23:20,8,30.52,2708,85334
2020-08-03 05:23:30,4,30.5,2708,85334
2020-08-03 05:23:40,4,30.51,2708,85334
2020-08-03 05:23:50,4,30.49,2709,85334
2020-08-03 05:24:00,4,30.52,2708,85334
2020-08-03 05:24:10,0,30.53,2708,85334
2020-08-03 05:24:20,0,30.51,2708,85333
2020-08-03 05:24:30,5,30.5,2709,85333
2020-08-03 05:24:40,0,30.5,2709,85333
2020-08-03 05:24:50,7,30.49,2710,85333
2020-08-03 05:25:00,2,30.5,2709,85333
2020-08-03 05:25:10,8,30.49,2709,85333
2020-08-03 05:25:20,5,30.49,2710,85333
2020-08-03 05:25:30,8,30.49,2709,85333
2020-08-03 05:25:40,5,30.47,2710,85332
2020-08-03 05:25:50,4,30.46,2710,85332
2020-08-03 05:26:00,5,30.48,2710,85332
2020-08-03 05:26:10,10,30.48,2710,85332
2020-08-03 05:26:20,4,30.48,2710,85332
2020-08-03 05:26:30,4,30.48,2710,85332
2020-08-03 05:26:40,7,30.48,2710,85332
2020-08-03 05:26:50,5,30.46,2710,85332
2020-08-03 05:27:00,5,30.46,2711,85332
2020-08-03 05:27:20,0,30.47,2711,85331
2020-08-03 05:27:30,0,30.42,2712,85331
2020-08-03 05:27:40,0,30.49,2710,85331
2020-08-03 05:27:50,0,30.49,2710,85331
2020-08-03 05:28:00,7,30.52,2708,85331
2020-08-03 05:28:10,2,30.5,2710,85331
2020-08-03 05:28:20,5,30.49,2710,85331
2020-08-03 05:28:30,4,30.48,2710,85331
2020-08-03 05:28:40,5,30.5,2710,85331
2020-08-03 05:28:50,2,30.49,2710,85331
2020-08-03 05:29:00,11,30.51,2709,85331
2020-08-03 05:29:10,14,30.5,2709,85331
2020-08-03 05:29:20,0,30.51,2709,85330
2020-08-03 05:29:30,4,30.5,2709,85330
2020-08-03 05:29:40,4,30.47,2711,85330
2020-08-03 05:29:50,2,30.47,2711,85330
2020-08-03 05:30:00,7,30.47,2711,85330
2020-08-03 05:30:10,4,30.46,2711,85330
2020-08-03 05:30:20,44,30.48,2710,85330
2020-08-03 05:30:30,4,30.51,2708,85330
2020-08-03 05:30:40,5,30.51,2708,85330
2020-08-03 05:30:50,10,30.49,2708,85330
2020-08-03 05:31:00,10,30.51,2708,85330
2020-08-03 05:31:10,8,30.51,2708,85330
2020-08-03 05:31:20,2,30.51,2708,85330
2020-08-03 05:31:30,5,30.52,2707,85330
2020-08-03 05:31:40,2,30.5,2708,85329
2020-08-03 05:31:50,2,30.5,2708,85329
2020-08-03 05:32:00,8,30.51,2708,85329
2020-08-03 05:32:10,7,30.52,2707,85329
2020-08-03 05:32:20,2,30.53,2707,85329
2020-08-03 05:32:30,7,30.54,2707,85329
2020-08-03 05:32:40,10,30.55,2707,85329
2020-08-03 05:32:50,14,30.57,2706,85329
2020-08-03 05:33:00,4,30.56,2706,85329
2020-08-03 05:33:10,2,30.55,2706,85329
2020-08-03 05:33:20,0,30.55,2706,85329
2020-08-03 05:33:30,2,30.55,2706,85328
2020-08-03 05:33:40,2,30.5,2708,85328
2020-08-03 05:33:50,0,30.54,2707,85328
2020-08-03 05:34:00,0,30.52,2708,85328
2020-08-03 05:34:10,0,30.52,2708,85328
2020-08-03 05:34:20,0,30.52,2708,85328
2020-08-03 05:34:30,2,30.52,2708,85328
2020-08-03 05:34:40,8,30.52,2707,85328
2020-08-03 05:34:50,4,30.48,2709,85328
2020-08-03 05:35:00,8,30.51,2708,85328
2020-08-03 05:35:10,5,30.52,2708,85328
2020-08-03 05:35:20,7,30.56,2707,85327
2020-08-03 05:35:30,0,30.5,2709,85327
2020-08-03 05:35:40,0,30.51,2709,85327
2020-08-03 05:35:50,0,30.5,2709,85327
2020-08-03 05:36:00,4,30.51,2709,85327
2020-08-03 05:36:10,4,30.49,2709,85327
2020-08-03 05:36:20,7,30.5,2709,85327
2020-08-03 05:36:30,10,30.51,2709,85327
2020-08-03 05:36:40,4,30.5,2709,85327
2020-08-03 05:36:50,5,30.48,2710,85327
2020-08-03 05:37:00,19,30.5,2709,85327
2020-08-03 05:37:10,2,30.5,2709,85327
2020-08-03 05:37:30,7,30.5,2709,85327
2020-08-03 05:37:40,4,30.49,2710,85327
2020-08-03 05:37:50,2,30.45,2711,85327
2020-08-03 05:38:00,8,30.54,2708,85327
2020-08-03 05:38:10,5,30.53,2708,85327
2020-08-03 05:38:20,11,30.54,2708,85327
2020-08-03 05:38:30,11,30.53,2708,85326
2020-08-03 05:38:40,5,30.55,2707,85326
2020-08-03 05:38:50,0,30.54,2707,85326
2020-08-03 05:39:00,5,30.56,2707,85326
2020-08-03 05:39:10,4,30.56,2707,85326
2020-08-03 05:39:20,2,30.56,2707,85326
2020-08-03 05:39:30,7,30.55,2707,85326
2020-08-03 05:39:40,10,30.56,2707,85326
2020-08-03 05:39:50,5,30.56,2707,85326
2020-08-03 05:40:00,10,30.58,2706,85326
2020-08-03 05:40:10,7,30.58,2706,85326
2020-08-03 05:40:20,5,30.58,2706,85326
2020-08-03 05:40:30,11,30.58,2706,85326
2020-08-03 05:40:40,2,30.57,2706,85326
2020-08-03 05:40:50,0,30.56,2707,85326
2020-08-03 05:41:00,5,30.56,2707,85326
2020-08-03 05:41:10,4,30.57,2707,85326
2020-08-03 05:41:20,10,30.57,2707,85326
2020-08-03 05:41:30,10,30.55,2707,85326
2020-08-03 05:41:40,4,30.55,2707,85326
2020-08-03 05:41:50,0,30.54,2708,85326
2020-08-03 05:42:00,0,30.5,2709,85326
2020-08-03 05:42:10,0,30.52,2709,85326
2020-08-03 05:42:20,0,30.52,2709,85326
2020-08-03 05:42:30,2,30.52,2709,85326
2020-08-03 05:42:40,11,30.48,2710,85326
2020-08-03 05:42:50,7,30.51,2709,85326
2020-08-03 05:43:00,4,30.51,2709,85326
2020-08-03 05:43:10,10,30.49,2709,85326
2020-08-03 05:43:20,5,30.5,2709,85326
2020-08-03 05:43:30,0,30.49,2709,85325
2020-08-03 05:43:40,0,30.49,2709,85325
2020-08-03 05:43:50,0,30.48,2709,85325
2020-08-03 05:44:00,2,30.45,2711,85325
2020-08-03 05:44:10,2,30.5,2709,85325
2020-08-03 05:44:20,10,30.5,2709,85325
2020-08-03 05:44:30,10,30.52,2709,85325
2020-08-03 05:44:40,10,30.52,2708,85325
2020-08-03 05:44:50,7,30.52,2709,85325
2020-08-03 05:45:00,7,30.52,2708,85325
2020-08-03 05:45:10,10,30.53,2708,85325
2020-08-03 05:45:20,0,30.53,2708,85325
2020-08-03 05:45:30,0,30.5,2709,85325
2020-08-03 05:45:40,4,30.52,2708,85325
2020-08-03 05:45:50,4,30.52,2708,85325
2020-08-03 05:46:00,2,30.53,2708,85324
2020-08-03 05:46:10,0,30.52,2708,85324
2020-08-03 05:46:20,0,30.52,2708,85324
2020-08-03 05:46:30,5,30.52,2708,85324
2020-08-03 05:46:40,8,30.53,2708,85324
2020-08-03 05:46:50,5,30.52,2708,85324
2020-08-03 05:47:00,4,30.52,2708,85324
2020-08-03 05:47:20,0,30.5,2709,85324
2020-08-03 05:47:30,4,30.48,2709,85324
2020-08-03 05:47:40,0,30.5,2709,85324
2020-08-03 05:47:50,0,30.5,2709,85324
2020-08-03 05:48:00,2,30.54,2708,85324
2020-08-03 05:48:10,0,30.51,2708,85323
2020-08-03 05:48:20,0,30.53,2708,85323
2020-08-03 05:48:30,5,30.51,2708,85323
2020-08-03 05:48:40,0,30.52,2708,85323
2020-08-03 05:48:50,0,30.49,2709,85323
2020-08-03 05:49:00,4,30.48,2709,85323
2020-08-03 05:49:10,2,30.49,2709,85323
2020-08-03 05:49:20,5,30.49,2709,85323
2020-08-03 05:49:30,11,30.5,2709,85323
2020-08-03 05:49:50,0,30.51,2708,85323
2020-08-03 05:50:00,4,30.51,2708,85323
2020-08-03 05:50:10,7,30.51,2708,85323
2020-08-03 05:50:20,2,30.5,2709,85322
2020-08-03 05:50:30,2,30.49,2709,85322
2020-08-03 05:50:40,0,30.5,2709,85322
2020-08-03 05:50:50,14,30.49,2709,85322
2020-08-03 05:51:00,4,30.51,2709,85322
2020-08-03 05:51:10,4,30.52,2709,85322
2020-08-03 05:51:20,0,30.52,2709,85322
2020-08-03 05:51:30,7,30.52,2708,85322
2020-08-03 05:51:40,4,30.53,2708,85322
2020-08-03 05:51:50,8,30.52,2708,85322
2020-08-03 05:52:00,7,30.54,2708,85322
2020-08-03 05:52:10,5,30.52,2708,85321
2020-08-03 05:52:20,0,30.53,2708,85321
2020-08-03 05:52:30,2,30.54,2708,85321
2020-08-03 05:52:40,5,30.55,2707,85321
2020-08-03 05:52:50,2,30.54,2707,85321
2020-08-03 05:53:00,2,30.57,2707,85321
2020-08-03 05:53:10,5,30.55,2707,85321
2020-08-03 05:53:20,2,30.54,2707,85321
2020-08-03 05:53:30,4,30.55,2707,85321
2020-08-03 05:53:40,2,30.54,2707,85321
2020-08-03 05:53:50,2,30.54,2707,85320
2020-08-03 05:54:00,8,30.56,2707,85320
2020-08-03 05:54:10,0,30.57,2706,85320
2020-08-03 05:54:20,2,30.52,2707,85320
2020-08-03 05:54:30,4,30.56,2706,85320
2020-08-03 05:54:40,4,30.56,2706,85320
2020-08-03 05:54:50,2,30.57,2706,85320
2020-08-03 05:55:00,10,30.57,2706,85320
2020-08-03 05:55:10,10,30.55,2706,85320
2020-08-03 05:55:20,0,30.54,2707,85319
2020-08-03 05:55:30,5,30.54,2707,85319
2020-08-03 05:55:40,5,30.55,2707,85319
2020-08-03 05:55:50,8,30.54,2707,85319
2020-08-03 05:56:00,8,30.56,2707,85319
2020-08-03 05:56:10,4,30.55,2707,85319
2020-08-03 05:56:20,7,30.56,2707,85319
2020-08-03 05:56:30,8,30.56,2707,85319
2020-08-03 05:56:40,4,30.54,2708,85319
2020-08-03 05:56:50,5,30.53,2708,85318
2020-08-03 05:57:00,2,30.53,2708,85318
2020-08-03 05:57:10,4,30.53,2708,85318
2020-08-03 05:57:20,2,30.54,2708,85318
2020-08-03 05:57:30,5,30.54,2708,85318
2020-08-03 05:57:40,10,30.56,2707,85318
2020-08-03 05:57:50,19,30.58,2706,85318
2020-08-03 05:58:00,14,30.57,2707,85318
2020-08-03 05:58:10,4,30.55,2707,85318
2020-08-03 05:58:20,4,30.56,2707,85317
2020-08-03 05:58:30,10,30.5,2708,85317
2020-08-03 05:58:40,0,30.54,2708,85317
2020-08-03 05:58:50,0,30.55,2707,85317
2020-08-03 05:59:00,0,30.56,2707,85317
2020-08-03 05:59:10,0,30.55,2707,85317
2020-08-03 05:59:20,0,30.56,2707,85317
2020-08-03 05:59:30,0,30.57,2707,85317
2020-08-03 05:59:40,0,30.59,2706,85316
2020-08-03 05:59:50,0,30.52,2708,85316
2020-08-03 06:00:00,0,30.52,2708,85316
2020-08-03 06:00:10,0,30.54,2707,85316
2020-08-03 06:00:20,0,30.54,2708,85316
2020-08-03 06:00:30,0,30.53,2708,85316
2020-08-03 06:00:40,0,30.52,2708,85316
2020-08-03 06:00:50,7,30.53,2708,85316
2020-08-03 06:01:00,8,30.54,2708,85316
2020-08-03 06:01:10,7,30.55,2708,85315
2020-08-03 06:01:20,4,30.52,2709,85315
2020-08-03 06:01:30,5,30.52,2709,85315
2020-08-03 06:01:40,5,30.52,2708,85315
2020-08-03 06:01:50,5,30.52,2708,85315
2020-08-03 06:02:00,5,30.53,2708,85315
2020-08-03 06:02:10,13,30.53,2708,85315
2020-08-03 06:02:20,0,30.54,2708,85315
2020-08-03 06:02:30,5,30.55,2707,85315
2020-08-03 06:02:40,4,30.55,2707,85314
2020-08-03 06:02:50,4,30.56,2707,85314
2020-08-03 06:03:00,4,30.6,2706,85314
2020-08-03 06:03:10,0,30.59,2706,85314
2020-08-03 06:03:20,5,30.56,2707,85314
2020-08-03 06:03:30,2,30.55,2707,85314
2020-08-03 06:03:40,7,30.55,2707,85314
2020-08-03 06:03:50,7,30.55,2707,85314
2020-08-03 06:04:00,5,30.55,2707,85313
2020-08-03 06:04:10,2,30.56,2707,85313
2020-08-03 06:04:20,0,30.56,2707,85313
2020-08-03 06:04:30,5,30.54,2708,85313
2020-08-03 06:04:40,5,30.54,2708,85313
2020-08-03 06:04:50,0,30.55,2707,85313
2020-08-03 06:05:00,2,30.53,2708,85313
2020-08-03 06:05:10,0,30.55,2707,85313
2020-08-03 06:05:20,0,30.53,2708,85313
2020-08-03 06:05:30,8,30.63,2705,85313
2020-08-03 06:05:40,7,30.66,2703,85313
2020-08-03 06:05:50,10,30.63,2704,85312
2020-08-03 06:06:00,10,30.64,2704,85312
2020-08-03 06:06:10,5,30.66,2703,85312
2020-08-03 06:06:20,10,30.65,2703,85312
2020-08-03 06:06:30,7,30.64,2704,85312
2020-08-03 06:06:40,2,30.61,2705,85311
2020-08-03 06:06:50,2,30.62,2705,85311
2020-08-03 06:07:00,0,30.61,2705,85311
2020-08-03 06:07:10,8,30.63,2704,85311
2020-08-03 06:07:20,0,30.62,2704,85311
2020-08-03 06:07:30,8,30.62,2704,85311
2020-08-03 06:07:40,2,30.64,2703,85311
2020-08-03 06:07:50,5,30.63,2704,85310
2020-08-03 06:08:00,5,30.64,2704,85310
2020-08-03 06:08:10,5,30.63,2704,85310
2020-08-03 06:08:20,2,30.62,2704,85310
2020-08-03 06:08:30,7,30.61,2704,85310
2020-08-03 06:08:40,5,30.6,2705,85310
2020-08-03 06:08:50,10,30.53,2707,85310
2020-08-03 06:09:00,2,30.61,2705,85310
2020-08-03 06:09:10,0,30.61,2705,85309
2020-08-03 06:09:20,0,30.85,2697,85309
2020-08-03 06:09:30,5,30.86,2695,85309
2020-08-03 06:09:40,0,30.84,2696,85309
2020-08-03 06:09:50,0,30.83,2696,85309
2020-08-03 06:10:00,5,30.85,2696,85309
2020-08-03 06:10:10,4,30.84,2696,85309
2020-08-03 06:10:20,2,30.85,2695,85309
2020-08-03 06:10:30,10,30.85,2695,85309
2020-08-03 06:10:40,8,30.86,2695,85309
2020-08-03 06:10:50,4,30.82,2696,85309
2020-08-03 06:11:00,4,30.83,2696,85308
2020-08-03 06:11:10,8,30.83,2696,85308
2020-08-03 06:11:20,5,30.62,2703,85308
2020-08-03 06:11:30,5,30.64,2702,85308
2020-08-03 06:11:40,4,30.64,2702,85308
2020-08-03 06:11:50,2,30.63,2703,85308
2020-08-03 06:12:00,2,30.76,2698,85308
2020-08-03 06:12:10,2,30.74,2699,85308
2020-08-03 06:12:20,7,30.69,2701,85308
2020-08-03 06:12:30,5,30.7,2701,85308
2020-08-03 06:12:40,4,30.7,2701,85308
2020-08-03 06:12:50,4,30.68,2701,85308
2020-08-03 06:13:00,5,30.71,2700,85307
2020-08-03 06:13:10,5,30.68,2701,85307
2020-08-03 06:13:20,4,30.72,2700,85307
2020-08-03 06:13:30,5,30.67,2702,85307
2020-08-03 06:13:40,0,30.68,2701,85307
2020-08-03 06:13:50,7,30.68,2701,85307
2020-08-03 06:14:00,5,30.68,2701,85307
2020-08-03 06:14:10,0,30.67,2701,85307
2020-08-03 06:14:20,2,30.68,2701,85307
2020-08-03 06:14:30,2,30.67,2701,85306
2020-08-03 06:14:40,5,30.67,2701,85306
2020-08-03 06:14:50,5,30.67,2701,85306
2020-08-03 06:15:00,16,30.65,2702,85306
2020-08-03 06:15:10,4,30.68,2701,85306
2020-08-03 06:15:20,2,30.67,2702,85306
2020-08-03 06:15:30,11,30.69,2701,85306
2020-08-03 06:15:40,10,30.69,2701,85306
2020-08-03 06:15:50,2,30.7,2701,85306
2020-08-03 06:16:00,7,30.71,2701,85306
2020-08-03 06:16:10,4,30.69,2701,85306
2020-08-03 06:16:20,0,30.7,2701,85306
2020-08-03 06:16:30,4,30.7,2701,85305
2020-08-03 06:16:40,10,30.69,2702,85305
2020-08-03 06:16:50,0,30.67,2702,85305
2020-08-03 06:17:00,7,30.68,2702,85305
2020-08-03 06:17:10,2,30.68,2702,85305
2020-08-03 06:17:20,0,30.64,2703,85305
2020-08-03 06:17:30,5,30.64,2703,85305
2020-08-03 06:17:40,0,30.65,2702,85305
2020-08-03 06:17:50,2,30.64,2702,85305
2020-08-03 06:18:00,7,30.63,2703,85305
2020-08-03 06:18:10,0,30.63,2703,85305
2020-08-03 06:18:20,0,30.64,2703,85305
2020-08-03 06:18:30,7,30.63,2703,85304
2020-08-03 06:18:40,2,30.63,2703,85304
2020-08-03 06:18:50,7,30.62,2704,85304
2020-08-03 06:19:00,4,30.63,2703,85304
2020-08-03 06:19:10,7,30.62,2704,85304
2020-08-03 06:19:20,0,30.63,2703,85304
2020-08-03 06:19:30,10,30.65,2703,85304
2020-08-03 06:19:40,7,30.66,2703,85304
2020-08-03 06:19:50,0,30.61,2704,85304
2020-08-03 06:20:00,2,30.62,2704,85304
2020-08-03 06:20:10,0,30.61,2704,85304
2020-08-03 06:20:20,0,30.61,2704,85304
2020-08-03 06:20:30,4,30.61,2705,85304
2020-08-03 06:20:40,4,30.61,2704,85304
2020-08-03 06:20:50,0,30.62,2704,85304
2020-08-03 06:21:00,8,30.62,2704,85304
2020-08-03 06:21:10,2,30.57,2705,85304
2020-08-03 06:21:20,4,30.62,2704,85304
2020-08-03 06:21:30,7,30.63,2703,85304
2020-08-03 06:21:40,2,30.63,2703,85304
2020-08-03 06:21:50,0,30.63,2703,85304
2020-08-03 06:22:00,2,30.64,2703,85303
2020-08-03 06:22:10,0,30.63,2703,85303
2020-08-03 06:22:20,0,30.63,2704,85303
2020-08-03 06:22:30,5,30.63,2703,85303
2020-08-03 06:22:40,2,30.63,2704,85303
2020-08-03 06:22:50,4,30.64,2703,85303
2020-08-03 06:23:00,11,30.65,2703,85303
2020-08-03 06:23:10,2,30.63,2704,85303
2020-08-03 06:23:20,8,30.64,2704,85303
2020-08-03 06:23:30,4,30.63,2704,85303
2020-08-03 06:23:40,17,30.64,2704,85303
2020-08-03 06:23:50,11,30.61,2704,85303
2020-08-03 06:24:00,4,30.66,2703,85303
2020-08-03 06:24:10,8,30.66,2703,85303
2020-08-03 06:24:20,5,30.66,2703,85303
2020-08-03 06:24:30,8,30.67,2703,85303
2020-08-03 06:24:40,5,30.66,2703,85303
2020-08-03 06:24:50,0,30.67,2703,85303
2020-08-03 06:25:00,10,30.68,2702,85303
2020-08-03 06:25:10,7,30.66,2703,85303
2020-08-03 06:25:20,0,30.66,2703,85303
2020-08-03 06:25:30,11,30.67,2703,85303
2020-08-03 06:25:40,8,30.67,2703,85303
2020-08-03 06:25:50,8,30.68,2703,85303
2020-08-03 06:26:00,4,30.68,2702,85303
2020-08-03 06:26:10,2,30.68,2702,85303
2020-08-03 06:26:20,5,30.68,2702,85303
2020-08-03 06:26:30,5,30.69,2702,85303
2020-08-03 06:26:40,5,30.69,2702,85303
2020-08-03 06:26:50,8,30.7,2702,85303
2020-08-03 06:27:00,4,30.7,2702,85303
2020-08-03 06:27:10,2,30.7,2702,85303
2020-08-03 06:27:20,0,30.69,2702,85303
2020-08-03 06:27:30,5,30.71,2701,85303
2020-08-03 06:27:40,5,30.71,2701,85302
2020-08-03 06:27:50,7,30.73,2701,85302
2020-08-03 06:28:00,4,30.72,2701,85302
2020-08-03 06:28:10,4,30.73,2701,85302
2020-08-03 06:28:20,7,30.73,2700,85302
2020-08-03 06:28:30,2,30.75,2700,85302
2020-08-03 06:28:40,4,30.75,2700,85302
2020-08-03 06:28:50,0,30.74,2700,85302
2020-08-03 06:29:00,8,30.74,2700,85302
2020-08-03 06:29:10,14,30.73,2700,85302
2020-08-03 06:29:20,2,30.73,2700,85302
2020-08-03 06:29:30,4,30.73,2700,85302
2020-08-03 06:29:40,7,30.74,2700,85302
2020-08-03 06:29:50,8,30.73,2700,85302
2020-08-03 06:30:00,2,30.73,2700,85302
2020-08-03 06:30:10,4,30.72,2701,85302
2020-08-03 06:30:20,5,30.72,2701,85302
2020-08-03 06:30:30,7,30.73,2700,85302
2020-08-03 06:30:40,2,30.74,2700,85302
2020-08-03 06:30:50,2,30.73,2700,85301
2020-08-03 06:31:00,5,30.73,2700,85301
2020-08-03 06:31:10,5,30.7,2702,85301
2020-08-03 06:31:20,2,30.7,2701,85301
2020-08-03 06:31:30,0,30.65,2703,85301
2020-08-03 06:31:40,7,30.7,2702,85301
2020-08-03 06:31:50,2,30.7,2701,85301
2020-08-03 06:32:00,4,30.71,2701,85301
2020-08-03 06:32:10,8,30.7,2702,85301
2020-08-03 06:32:20,4,30.72,2701,85301
2020-08-03 06:32:30,2,30.74,2700,85300
2020-08-03 06:32:40,7,30.74,2700,85300
2020-08-03 06:32:50,8,30.73,2700,85300
2020-08-03 06:33:00,4,30.74,2700,85300
2020-08-03 06:33:10,0,30.73,2700,85300
2020-08-03 06:33:20,4,30.73,2700,85300
2020-08-03 06:33:30,0,30.72,2701,85300
2020-08-03 06:33:40,0,30.72,2701,85300
2020-08-03 06:33:50,0,30.73,2700,85300
2020-08-03 06:34:00,4,30.72,2701,85300
2020-08-03 06:34:10,2,30.73,2700,85300
2020-08-03 06:34:20,2,30.73,2700,85299
2020-08-03 06:34:30,11,30.7,2701,85299
2020-08-03 06:34:40,4,30.71,2701,85299
2020-08-03 06:34:50,4,30.72,2701,85299
2020-08-03 06:35:00,7,30.73,2701,85299
2020-08-03 06:35:10,2,30.73,2700,85299
2020-08-03 06:35:20,2,30.73,2700,85299
2020-08-03 06:35:30,7,30.71,2701,85299
2020-08-03 06:35:40,2,30.71,2700,85299
2020-08-03 06:35:50,2,30.72,2700,85299
2020-08-03 06:36:00,4,30.7,2701,85299
2020-08-03 06:36:10,5,30.7,2701,85298
2020-08-03 06:36:20,0,30.69,2701,85298
2020-08-03 06:36:30,2,30.71,2701,85298
2020-08-03 06:36:40,10,30.69,2701,85298
2020-08-03 06:36:50,2,30.68,2702,85298
2020-08-03 06:37:00,2,30.7,2701,85298
2020-08-03 06:37:10,7,30.68,2702,85298
2020-08-03 06:37:20,5,30.72,2701,85298
2020-08-03 06:37:30,7,30.7,2702,85298
2020-08-03 06:37:40,4,30.64,2703,85298
2020-08-03 06:37:50,0,30.72,2701,85297
2020-08-03 06:38:00,7,30.73,2700,85297
2020-08-03 06:38:10,4,30.72,2700,85297
2020-08-03 06:38:20,2,30.71,2701,85297
2020-08-03 06:38:30,4,30.73,2700,85297
2020-08-03 06:38:40,8,30.72,2700,85297
2020-08-03 06:38:50,2,30.72,2700,85297
2020-08-03 06:39:00,11,30.74,2700,85297
2020-08-03 06:39:10,11,30.67,2701,85297
2020-08-03 06:39:20,2,30.66,2702,85297
2020-08-03 06:39:30,8,30.66,2702,85297
2020-08-03 06:39:40,7,30.65,2702,85297
2020-08-03 06:39:50,0,30.61,2704,85296
2020-08-03 06:40:00,0,30.63,2703,85296
2020-08-03 06:40:10,0,30.61,2704,85296
2020-08-03 06:40:20,0,30.63,2703,85296
2020-08-03 06:40:30,0,30.6,2704,85296
2020-08-03 06:40:40,4,30.61,2704,85296
2020-08-03 06:40:50,7,30.61,2704,85296
2020-08-03 06:41:00,4,30.6,2705,85296
2020-08-03 06:41:10,4,30.57,2706,85296
2020-08-03 06:41:20,8,30.58,2706,85296
2020-08-03 06:41:30,8,30.57,2706,85295
2020-08-03 06:41:40,4,30.57,2706,85295
2020-08-03 06:41:50,5,30.54,2707,85295
2020-08-03 06:42:00,10,30.55,2707,85295
2020-08-03 06:42:10,7,30.56,2706,85295
2020-08-03 06:42:20,28,30.57,2706,85295
2020-08-03 06:42:30,4,30.62,2705,85295
2020-08-03 06:42:40,5,30.64,2704,85295
2020-08-03 06:42:50,13,30.66,2703,85295
2020-08-03 06:43:00,10,30.95,2693,85294
2020-08-03 06:43:10,10,30.96,2692,85294
2020-08-03 06:43:20,10,30.94,2692,85294
2020-08-03 06:43:30,8,30.95,2692,85294
2020-08-03 06:43:40,4,30.95,2692,85294
2020-08-03 06:43:50,4,30.94,2692,85294
2020-08-03 06:44:00,5,30.97,2691,85294
2020-08-03 06:44:10,7,30.97,2691,85293
2020-08-03 06:44:20,0,30.97,2691,85293
2020-08-03 06:44:30,5,30.95,2691,85293
2020-08-03 06:44:40,5,30.96,2691,85293
2020-08-03 06:44:50,2,30.95,2691,85293
2020-08-03 06:45:00,13,30.97,2691,85293
2020-08-03 06:45:10,4,30.95,2692,85293
2020-08-03 06:45:20,0,30.96,2691,85293
2020-08-03 06:45:30,5,30.96,2691,85293
2020-08-03 06:45:40,0,30.97,2691,85293
2020-08-03 06:45:50,0,30.95,2691,85293
2020-08-03 06:46:00,0,30.95,2692,85293
2020-08-03 06:46:10,0,30.95,2691,85293
2020-08-03 06:46:20,0,30.94,2691,85293
2020-08-03 06:46:30,0,30.93,2692,85293
2020-08-03 06:46:40,0,30.95,2692,85293
2020-08-03 06:46:50,2,30.94,2692,85293
2020-08-03 06:47:00,0,30.95,2691,85293
2020-08-03 06:47:10,0,28.87,2773,85293
2020-08-03 06:47:20,0,28.85,2773,85293
2020-08-03 06:47:30,0,28.85,2773,85293
2020-08-03 06:47:40,0,28.86,2774,85293
2020-08-03 06:47:50,0,28.83,2774,85293
2020-08-03 06:48:00,0,28.81,2775,85293
2020-08-03 06:48:10,2,28.86,2774,85293
2020-08-03 06:48:20,2,28.83,2774,85293
2020-08-03 06:48:30,2,28.84,2774,85293